Date,Algal Severity,Precip,Precip 1-day before,precip 2-day before,Sum(3day Precip),Max Temp,Mean Temp
9/15/2017,3,0,,,0,80,68
9/16/2017,0,,0,,0,82,68
9/17/2017,0,0,,0,0,84,68
9/18/2017,0,0,0,,0,86,71
9/19/2017,0,0,0,0,0,80,70
9/20/2017,0,0,0,0,0,82,68
9/21/2017,0,0.01,0,0,0.01,82,69
9/22/2017,0,0.02,0.01,0,0.03,82,66
9/23/2017,0,0,0.02,0.01,0.03,85,68
9/24/2017,2,0,0,0.02,0.02,89,73
9/25/2017,0,0,0,0,0,90,74
9/26/2017,0,0,0,0,0,91,74
9/27/2017,0,0,0,0,0,91,75
9/28/2017,0,0,0,0,0,65,62
9/29/2017,0,0,0,0,0,63,55
9/30/2017,0,0.2,0,0,0.2,57,51
10/1/2017,0,,0.2,0,0.2,64,49
10/2/2017,2,0,,0.2,0.2,69,52
10/3/2017,0,0,0,,0,76,56
10/4/2017,0,0,0,0,0,84,66
10/5/2017,0,0.19,0,0,0.19,72,64
10/6/2017,0,0.04,0.19,0,0.23,67,59
10/7/2017,0,0.1,0.04,0.19,0.33,81,66
10/8/2017,0,0.32,0.1,0.04,0.46,78,72
10/9/2017,0,0.6,0.32,0.1,1.02,76,64
10/10/2017,0,0.25,0.6,0.32,1.17,74,65
10/11/2017,0,,0.25,0.6,0.85,61,58
10/12/2017,0,0.55,,0.25,0.8,62,52
10/13/2017,0,0,0.55,,0.55,63,54
10/14/2017,0,0,0,0.55,0.55,70,62
10/15/2017,0,0,0,0,0,80,67
10/16/2017,0,0.5,0,0,0.5,51,49
10/17/2017,0,0.06,0.5,0,0.56,61,45
10/18/2017,0,0,0.06,0.5,0.56,71,58
10/19/2017,0,0,0,0.06,0.06,72,59
10/20/2017,0,0,0,0,0,67,58
10/21/2017,0,0,0,0,0,74,53
10/22/2017,0,0,0,0,0,77,56
10/23/2017,0,0,0,0,0,73,63
10/24/2017,0,0.45,0,0,0.45,71,67
10/25/2017,0,0.09,0.45,0,0.54,59,54
10/26/2017,0,0.08,0.09,0.45,0.62,53,48
10/27/2017,0,0,0.08,0.09,0.17,63,49
10/28/2017,0,,0,0.08,0.08,71,58
10/29/2017,0,0.94,,0,0.94,47,46
10/30/2017,0,2.73,0.94,,3.67,52,46
10/31/2017,0,0.2,2.73,0.94,3.87,44,42
11/1/2017,0,0.11,0.2,2.73,3.04,47,39
11/2/2017,0,1.15,0.11,0.2,1.46,64,52
11/3/2017,0,0.34,1.15,0.11,1.6,64,57
11/4/2017,0,0.1,0.34,1.15,1.59,46,39
11/5/2017,0,0.5,0.1,0.34,0.94,60,50
11/6/2017,0,0.52,0.5,0.1,1.12,61,53
11/7/2017,0,0.08,0.52,0.5,1.1,40,38
11/8/2017,0,0,0.08,0.52,0.6,47,33
11/9/2017,0,0,0,0.08,0.08,48,35
11/10/2017,0,0.15,0,0,0.15,34,29
11/11/2017,0,0.01,0.15,0,0.16,31,23
11/12/2017,0,0,0.01,0.15,0.16,42,30
11/13/2017,0,0.02,0,0.01,0.03,41,36
11/14/2017,0,0.04,0.02,0,0.06,41,38
11/15/2017,0,,0.04,0.02,0.06,46,35
11/16/2017,0,0.01,,0.04,0.05,49,45
11/17/2017,0,0.14,0.01,,0.15,37,34
11/18/2017,0,,0.14,0.01,0.15,49,33
11/19/2017,0,0.66,,0.14,0.8,51,40
11/20/2017,0,0.2,0.66,,0.86,35,31
11/21/2017,0,0.01,0.2,0.66,0.87,52,39
11/22/2017,0,0.15,0.01,0.2,0.36,49,40
11/23/2017,0,0.01,0.15,0.01,0.17,37,30
11/24/2017,0,,0.01,0.15,0.16,52,41
11/25/2017,0,0.01,,0.01,0.02,51,46
11/26/2017,0,0.12,0.01,,0.13,41,36
11/27/2017,0,,0.12,0.01,0.13,40,36
11/28/2017,0,0.01,,0.12,0.13,57,34
11/29/2017,0,0,0.01,,0.01,54,48
11/30/2017,0,0,0,0.01,0.01,50,35
12/1/2017,0,0.1,0,0,0.1,42,41
12/2/2017,0,0,0.1,0,0.1,41,33
12/3/2017,0,0,0,0.1,0.1,48,35
12/4/2017,0,0,0,0,0,52,36
12/5/2017,0,,0,0,0,54,49
12/6/2017,0,0.2,,0,0.2,39,39
12/7/2017,0,,0.2,,0.2,36,35
12/8/2017,0,0.02,,0.2,0.22,34,29
12/9/2017,0,0,0.02,,0.02,33,27
12/10/2017,0,0.02,0,0.02,0.04,34,28
12/11/2017,0,0.08,0.02,0,0.1,30,26
12/12/2017,0,0.19,0.08,0.02,0.29,33,28
12/13/2017,0,0.12,0.19,0.08,0.39,18,16
12/14/2017,0,0.1,0.12,0.19,0.41,20,15
12/15/2017,0,0.01,0.1,0.12,0.23,25,18
12/16/2017,0,,0.01,0.1,0.11,26,23
12/17/2017,0,0.05,,0.01,0.06,23,14
12/18/2017,0,0.01,0.05,,0.06,40,26
12/19/2017,0,0.09,0.01,0.05,0.15,49,42
12/20/2017,0,0,0.09,0.01,0.1,39,34
12/21/2017,0,0.02,0,0.09,0.11,28,24
12/22/2017,0,0.08,0.02,0,0.1,27,22
12/23/2017,0,0.32,0.08,0.02,0.42,33,29
12/24/2017,0,0.57,0.32,0.08,0.97,32,30
12/25/2017,0,0.06,0.57,0.32,0.95,35,27
12/26/2017,0,0.07,0.06,0.57,0.7,19,16
12/27/2017,0,0,0.07,0.06,0.13,14,9
12/28/2017,0,0.25,0,0.07,0.32,9,2
12/29/2017,0,0.1,0.25,0,0.35,12,6
12/30/2017,0,0.05,0.1,0.25,0.4,19,9
12/31/2017,0,0.2,0.05,0.1,0.35,6,2
1/1/2018,0,0.17,0.2,0.05,0.42,14,0
1/2/2018,0,0.13,0.17,0.2,0.5,21,12
1/3/2018,0,0,0.13,0.17,0.3,24,15
1/4/2018,0,0,0,0.13,0.13,20,17
1/5/2018,0,0.39,0,0,0.39,9,6
1/6/2018,0,0.3,0.39,0,0.69,4,3
1/7/2018,0,0.08,0.3,0.39,0.77,26,2
1/8/2018,0,,0.08,0.3,0.38,37,29
1/9/2018,0,0.05,,0.08,0.13,36,33
1/10/2018,0,0.04,0.05,,0.09,41,31
1/11/2018,0,0.01,0.04,0.05,0.1,54,45
1/12/2018,0,1.1,0.01,0.04,1.15,62,53
1/13/2018,0,1.31,1.1,0.01,2.42,17,15
1/14/2018,0,0.13,1.31,1.1,2.54,11,0
1/15/2018,0,0,0.13,1.31,1.44,17,3
1/16/2018,0,0.15,0,0.13,0.28,28,20
1/17/2018,0,0.12,0.15,0,0.27,24,20
1/18/2018,0,0,0.12,0.15,0.27,21,10
1/19/2018,0,0,0,0.12,0.12,38,24
1/20/2018,0,0,0,0,0,43,36
1/21/2018,0,0,0,0,0,41,34
1/22/2018,0,0.02,0,0,0.02,46,35
1/23/2018,0,0.06,0.02,0,0.08,52,43
1/24/2018,0,0.12,0.06,0.02,0.2,32,26
1/25/2018,0,0.03,0.12,0.06,0.21,22,16
1/26/2018,0,0,0.03,0.12,0.15,38,21
1/27/2018,0,0,0,0.03,0.03,50,36
1/28/2018,0,0.36,0,0,0.36,46,40
1/29/2018,0,0,0.36,0,0.36,0,30
1/30/2018,0,0.13,0,0.36,0.49,31,24
1/31/2018,0,0.08,0.13,0,0.21,32,16
2/1/2018,0,0.08,0.08,0.13,0.29,46,36
2/2/2018,0,0.18,0.08,0.08,0.34,23,18
2/3/2018,0,0.06,0.18,0.08,0.32,30,15
2/4/2018,0,,0.06,0.18,0.24,34,30
2/5/2018,0,0.13,,0.06,0.19,33,23
2/6/2018,0,0.11,0.13,,0.24,26,18
2/7/2018,0,,0.11,0.13,0.24,24,16
2/8/2018,0,0.59,,0.11,0.7,23,20
2/9/2018,0,0,0.59,,0.59,24,18
2/10/2018,0,0,0,0.59,0.59,37,28
2/11/2018,0,0.04,0,0,0.04,41,30
2/12/2018,0,0.09,0.04,0,0.13,34,30
2/13/2018,0,0.02,0.09,0.04,0.15,28,22
2/14/2018,0,0,0.02,0.09,0.11,46,34
2/15/2018,0,0,0,0.02,0.02,54,40
2/16/2018,0,0.24,0,0,0.24,44,39
2/17/2018,0,0,0.24,0,0.24,35,26
2/18/2018,0,0.19,0,0.24,0.43,39,31
2/19/2018,0,0,0.19,0,0.19,48,35
2/20/2018,0,0.41,0,0.19,0.6,69,53
2/21/2018,0,,0.41,0,0.41,75,58
2/22/2018,0,0.02,,0.41,0.43,35,33
2/23/2018,0,0.28,0.02,,0.3,47,34
2/24/2018,0,0.06,0.28,0.02,0.36,44,41
2/25/2018,0,0.34,0.06,0.28,0.68,51,39
2/26/2018,0,,0.34,0.06,0.4,48,40
2/27/2018,0,0,,0.34,0.34,56,39
2/28/2018,0,0,0,,0,64,48
3/1/2018,0,0.06,0,0,0.06,48,40
3/2/2018,0,0.86,0.06,0,0.92,35,31
3/3/2018,0,0.47,0.86,0.06,1.39,34,30
3/4/2018,0,0,0.47,0.86,1.33,33,32
3/5/2018,0,0,0,0.47,0.47,34,29
3/6/2018,0,0,0,0,0,42,32
3/7/2018,0,0.07,0,0,0.07,34,33
3/8/2018,0,0.05,0.07,0,0.12,33,31
3/9/2018,0,0.08,0.05,0.07,0.2,35,29
3/10/2018,0,0.17,0.08,0.05,0.3,33,29
3/11/2018,0,0.04,0.17,0.08,0.29,30,29
3/12/2018,0,0,0.04,0.17,0.21,34,25
3/13/2018,0,0.19,0,0.04,0.23,32,29
3/14/2018,0,0.37,0.19,0,0.56,30,29
3/15/2018,0,0.52,0.37,0.19,1.08,36,29
3/16/2018,0,0.07,0.52,0.37,0.96,31,26
3/17/2018,0,0.04,0.07,0.52,0.63,35,27
3/18/2018,0,0,0.04,0.07,0.11,33,21
3/19/2018,0,0,0,0.04,0.04,29,24
3/20/2018,0,0,0,0,0,37,21
3/21/2018,0,0,0,0,0,38,27
3/22/2018,0,0,0,0,0,37,31
3/23/2018,0,0,0,0,0,37,32
3/24/2018,0,0,0,0,0,31,29
3/25/2018,0,0,0,0,0,41,27
3/26/2018,0,0,0,0,0,44,34
3/27/2018,0,0,0,0,0,44,36
3/28/2018,0,0.46,0,0,0.46,44,38
3/29/2018,0,0.01,0.46,0,0.47,52,42
3/30/2018,0,0.94,0.01,0.46,1.41,52,42
3/31/2018,0,0.12,0.94,0.01,1.07,54,38
4/1/2018,0,0.15,0.12,0.94,1.21,52,40
4/2/2018,0,0,0.15,0.12,0.27,45,35
4/3/2018,0,0,0,0.15,0.15,44,36
4/4/2018,0,0.2,0,0,0.2,55,44
4/5/2018,0,0.25,0.2,0,0.45,35,29
4/6/2018,0,0.13,0.25,0.2,0.58,47,31
4/7/2018,0,0.15,0.13,0.25,0.53,34,31
4/8/2018,0,0,0.15,0.13,0.28,35,28
4/9/2018,0,,0,0.15,0.15,39,30
4/10/2018,0,0,,0,0,39,33
4/11/2018,0,0.06,0,,0.06,49,35
4/12/2018,0,0.05,0.06,0,0.11,58,39
4/13/2018,0,0.17,0.05,0.06,0.28,53,46
4/14/2018,0,0,0.17,0.05,0.22,42,41
4/15/2018,0,0.07,0,0.17,0.24,35,33
4/16/2018,0,0.04,0.07,0,0.11,44,38
4/17/2018,0,0.78,0.04,0.07,0.89,40,35
4/18/2018,0,0.08,0.78,0.04,0.9,41,35
4/19/2018,0,0.07,0.08,0.78,0.93,38,35
4/20/2018,0,0.13,0.07,0.08,0.28,43,34
4/21/2018,0,0,0.13,0.07,0.2,54,40
4/22/2018,0,0,0,0.13,0.13,60,44
4/23/2018,0,0,0,0,0,70,49
4/24/2018,0,0,0,0,0,72,60
4/25/2018,0,0.09,0,0,0.09,56,54
4/26/2018,0,0.22,0.09,0,0.31,56,47
4/27/2018,0,,0.22,0.09,0.31,62,46
4/28/2018,0,0.2,,0.22,0.42,59,51
4/29/2018,0,0.41,0.2,,0.61,42,38
4/30/2018,0,0.2,0.41,0.2,0.81,61,44
5/1/2018,0,0.01,0.2,0.41,0.62,77,54
5/2/2018,0,0,0.01,0.2,0.21,88,69
5/3/2018,0,0.03,0,0.01,0.04,82,69
5/4/2018,0,0.29,0.03,0,0.32,84,67
5/5/2018,0,0.24,0.29,0.03,0.56,75,60
5/6/2018,0,0,0.24,0.29,0.53,70,63
5/7/2018,0,,0,0.24,0.24,65,58
5/8/2018,0,0,,0,0,76,56
5/9/2018,0,0,0,,0,82,66
5/10/2018,0,0,0,0,0,76,67
5/11/2018,0,0.1,0,0,0.1,53,51
5/12/2018,0,0.04,0.1,0,0.14,53,47
5/13/2018,0,0.04,0.04,0.1,0.18,71,52
5/14/2018,0,0,0.04,0.04,0.08,76,62
5/15/2018,0,0.07,0,0.04,0.11,72,63
5/16/2018,0,0.46,0.07,0,0.53,76,60
5/17/2018,0,0,0.46,0.07,0.53,78,65
5/18/2018,0,0,0,0.46,0.46,71,60
5/19/2018,0,,0,0,0,64,55
5/20/2018,0,,,0,0,66,62
5/21/2018,0,,,,0,75,59
5/22/2018,0,,,,0,68,60
5/23/2018,0,,,,0,76,63
5/24/2018,0,,,,0,79,65
5/25/2018,0,,,,0,84,71
5/26/2018,0,,,,0,83,72
5/27/2018,0,,,,0,71,68
5/28/2018,0,,,,0,84,67
5/29/2018,0,,,,0,86,72
5/30/2018,0,,,,0,90,74
5/31/2018,0,,,,0,81,74
6/1/2018,0,0,,,0,86,75
6/2/2018,0,0.29,0,,0.29,73,67
6/3/2018,0,0,0.29,0,0.29,70,62
6/4/2018,0,0.17,0,0.29,0.46,70,61
6/5/2018,0,0.14,0.17,0,0.31,63,56
6/6/2018,0,0.02,0.14,0.17,0.33,64,56
6/7/2018,0,0,0.02,0.14,0.16,72,59
6/8/2018,0,0.01,0,0.02,0.03,76,66
6/9/2018,0,0,0.01,0,0.01,76,63
6/10/2018,0,0,0,0.01,0.01,78,65
6/11/2018,0,0,0,0,0,77,64
6/12/2018,0,0,0,0,0,81,67
6/13/2018,0,0,0,0,0,82,71
6/14/2018,0,0.08,0,0,0.08,66,64
6/15/2018,0,0,0.08,0,0.08,75,63
6/16/2018,0,0,0,0.08,0.08,82,67
6/17/2018,0,0,0,0,0,90,72
6/18/2018,0,0.06,0,0,0.06,94,80
6/19/2018,0,0.42,0.06,0,0.48,73,69
6/20/2018,0,0,0.42,0.06,0.48,76,63
6/21/2018,0,0,0,0.42,0.42,74,64
6/22/2018,0,0,0,0,0,79,63
6/23/2018,0,0.07,0,0,0.07,69,66
6/24/2018,0,0.17,0.07,0,0.24,72,63
6/25/2018,0,0,0.17,0.07,0.24,72,64
6/26/2018,0,0.02,0,0.17,0.19,80,63
6/27/2018,0,0.02,0.02,0,0.04,68,66
6/28/2018,0,0.82,0.02,0.02,0.86,78,70
6/29/2018,0,,0.82,0.02,0.84,85,74
6/30/2018,0,0,,0.82,0.82,92,78
7/1/2018,0,0,0,,0,94,83
7/2/2018,0,0,0,0,0,95,83
7/3/2018,0,0.52,0,0,0.52,87,78
7/4/2018,0,0,0.52,0,0.52,94,77
7/5/2018,0,0,0,0.52,0.52,91,81
7/6/2018,0,0.05,0,0,0.05,77,74
7/7/2018,0,0,0.05,0,0.05,79,64
7/8/2018,0,0,0,0.05,0.05,84,69
7/9/2018,0,0,0,0,0,88,74
7/10/2018,0,0,0,0,0,85,76
7/11/2018,0,0,0,0,0,80,72
7/12/2018,0,0,0,0,0,84,69
7/13/2018,0,0,0,0,0,87,72
7/14/2018,0,0.01,0,0,0.01,88,79
7/15/2018,0,,0.01,0,0.01,90,78
7/16/2018,0,0,,0.01,0.01,95,78
7/17/2018,0,0.42,0,,0.42,83,74
7/18/2018,0,,0.42,0,0.42,74,69
7/19/2018,0,0,,0.42,0.42,81,66
7/20/2018,0,0,0,,0,87,71
7/21/2018,0,0,0,0,0,85,73
7/22/2018,0,0.19,0,0,0.19,88,73
7/23/2018,0,0.06,0.19,0,0.25,89,76
7/24/2018,0,0.8,0.06,0.19,1.05,78,74
7/25/2018,0,1.4,0.8,0.06,2.26,75,73
7/26/2018,0,1.2,1.4,0.8,3.4,84,74
7/27/2018,0,0.64,1.2,1.4,3.24,83,73
7/28/2018,0,0.01,0.64,1.2,1.85,81,70
7/29/2018,0,0,0.01,0.64,0.65,79,69
7/30/2018,0,0,0,0.01,0.01,81,69
7/31/2018,0,0,0,0,0,80,72
8/1/2018,0,0,0,0,0,84,76
8/2/2018,0,0.02,0,0,0.02,81,75
8/3/2018,3,0,0.02,0,0.02,79,74
8/4/2018,2,,0,0.02,0.02,87,75
8/5/2018,0,0,,0,0,89,76
8/6/2018,3,0,0,,0,91,80
8/7/2018,0,0,0,0,0,80,73
8/8/2018,0,0.07,0,0,0.07,81,72
8/9/2018,0,0.45,0.07,0,0.52,81,73
8/10/2018,0,,0.45,0.07,0.52,80,72
8/11/2018,0,0,,0.45,0.45,79,67
8/12/2018,0,0.02,0,,0.02,83,71
8/13/2018,0,0.08,0.02,0,0.1,77,71
8/14/2018,0,0.14,0.08,0.02,0.24,73,71
8/15/2018,0,1.12,0.14,0.08,1.34,87,75
8/16/2018,0,,1.12,0.14,1.26,86,77
8/17/2018,0,0.44,,1.12,1.56,85,75
8/18/2018,0,0.22,0.44,,0.66,74,69
8/19/2018,0,0.02,0.22,0.44,0.68,77,67
8/20/2018,0,0,0.02,0.22,0.24,78,69
8/21/2018,0,0,0,0.02,0.02,74,69
8/22/2018,0,0.1,0,0,0.1,75,71
8/23/2018,0,0.17,0.1,0,0.27,76,65
8/24/2018,0,0.02,0.17,0.1,0.29,81,70
8/25/2018,0,0,0.02,0.17,0.19,81,69
8/26/2018,0,0,0,0.02,0.02,82,73
8/27/2018,0,0,0,0,0,84,75
8/28/2018,0,0,0,0,0,91,82
8/29/2018,0,0,0,0,0,92,81
8/30/2018,0,,0,0,0,75,71
8/31/2018,0,,,0,0,74,63
9/1/2018,0,0,,,0,81,72
9/2/2018,0,0,0,,0,86,76
9/3/2018,2,0.01,0,0,0.01,91,78
9/4/2018,0,0.08,0.01,0,0.09,85,76
9/5/2018,0,0,0.08,0.01,0.09,92,78
9/6/2018,0,0.01,0,0.08,0.09,80,79
9/7/2018,0,0.03,0.01,0,0.04,76,67
9/8/2018,0,0,0.03,0.01,0.04,63,60
9/9/2018,0,0,0,0.03,0.03,59,52
9/10/2018,0,0.18,0,0,0.18,58,53
9/11/2018,0,0.75,0.18,0,0.93,70,60
9/12/2018,2,0.01,0.75,0.18,0.94,76,66
9/13/2018,0,0,0.01,0.75,0.76,82,70
9/14/2018,0,0,0,0.01,0.01,82,72
9/15/2018,3,0,0,0,0,85,74
9/16/2018,0,0,0,0,0,86,74
9/17/2018,0,,0,0,0,80,73
9/18/2018,0,0.43,,0,0.43,81,71
9/19/2018,0,0.01,0.43,,0.44,72,66
9/20/2018,0,0.01,0.01,0.43,0.45,71,59
9/21/2018,0,,0.01,0.01,0.02,79,71
9/22/2018,0,,,0.01,0.01,66,61
9/23/2018,0,,,,0,67,53
9/24/2018,0,,,,0,71,56
9/25/2018,0,,,,0,69,56
9/26/2018,2,,,,0,77,69
9/27/2018,0,,,,0,62,56
9/28/2018,0,,,,0,71,59
9/29/2018,0,,,,0,65,57
9/30/2018,0,,,,0,60,52
10/1/2018,0,0,,,0,56,54
10/2/2018,0,0.05,0,,0.05,72,58
10/3/2018,0,1.33,0.05,0,1.38,60,57
10/4/2018,0,0.01,1.33,0.05,1.39,71,61
10/5/2018,0,0.48,0.01,1.33,1.82,60,51
10/6/2018,0,,0.48,0.01,0.49,76,59
10/7/2018,2,0.35,,0.48,0.83,67,63
10/8/2018,0,0.04,0.35,,0.39,75,60
10/9/2018,0,0,0.04,0.35,0.39,84,75
10/10/2018,0,0,0,0.04,0.04,82,74
10/11/2018,0,0.16,0,0,0.16,73,70
10/12/2018,0,0.61,0.16,0,0.77,55,52
10/13/2018,0,0.2,0.61,0.16,0.97,48,45
10/14/2018,0,0.04,0.2,0.61,0.85,59,47
10/15/2018,0,0.04,0.04,0.2,0.28,63,50
10/16/2018,0,0.09,0.04,0.04,0.17,52,46
10/17/2018,0,0,0.09,0.04,0.13,52,45
10/18/2018,0,0.35,0,0.09,0.44,43,39
10/19/2018,0,0,0.35,0,0.35,63,46
10/20/2018,0,0.02,0,0.35,0.37,57,53
10/21/2018,0,0.05,0.02,0,0.07,41,39
10/22/2018,0,0,0.05,0.02,0.07,46,40
10/23/2018,0,0,0,0.05,0.05,55,43
10/24/2018,0,0.39,0,0,0.39,45,41
10/25/2018,0,0.07,0.39,0,0.46,39,37
10/26/2018,0,0,0.07,0.39,0.46,41,37
10/27/2018,0,0.04,0,0.07,0.11,39,38
10/28/2018,0,0.5,0.04,0,0.54,44,39
10/29/2018,0,0.25,0.5,0.04,0.79,46,43
10/30/2018,0,0.08,0.25,0.5,0.83,50,41
10/31/2018,0,0.03,0.08,0.25,0.36,61,44
11/1/2018,0,0.21,0.03,0.08,0.32,50,49
11/2/2018,0,0.39,0.21,0.03,0.63,55,49
11/3/2018,0,0.13,0.39,0.21,0.73,46,43
11/4/2018,0,0.15,0.13,0.39,0.67,46,41
11/5/2018,0,0.01,0.15,0.13,0.29,50,42
11/6/2018,0,0.23,0.01,0.15,0.39,61,48
11/7/2018,0,0.34,0.23,0.01,0.58,56,51
11/8/2018,0,0.01,0.34,0.23,0.58,46,42
11/9/2018,0,,0.01,0.34,0.35,40,36
11/10/2018,0,0.48,,0.01,0.49,41,35
11/11/2018,0,,0.48,,0.48,37,33
11/12/2018,0,0,,0.48,0.48,46,35
11/13/2018,0,0.1,0,,0.1,42,37
11/14/2018,0,0.19,0.1,0,0.29,29,27
11/15/2018,0,0.05,0.19,0.1,0.34,27,22
11/16/2018,0,1.39,0.05,0.19,1.63,35,28
11/17/2018,0,0.14,1.39,0.05,1.58,38,36
11/18/2018,0,0,0.14,1.39,1.53,33,31
11/19/2018,0,0.18,0,0.14,0.32,40,33
11/20/2018,0,0,0.18,0,0.18,35,31
11/21/2018,0,0.04,0,0.18,0.22,35,29
11/22/2018,0,0.06,0.04,0,0.1,16,14
11/23/2018,0,0.02,0.06,0.04,0.12,29,11
11/24/2018,0,0,0.02,0.06,0.08,40,30
11/25/2018,0,0.15,0,0.02,0.17,42,36
11/26/2018,0,,0.15,0,0.15,39,37
11/27/2018,0,0.58,,0.15,0.73,36,34
11/28/2018,0,0.74,0.58,,1.32,33,31
11/29/2018,0,0.34,0.74,0.58,1.66,34,32
11/30/2018,0,,0.34,0.74,1.08,33,32
12/1/2018,0,0,,0.34,0.34,36,33
12/2/2018,0,0.53,0,,0.53,50,37
12/3/2018,0,0,0.53,0,0.53,47,41
12/4/2018,0,0.16,0,0.53,0.69,31,27
12/5/2018,0,0.02,0.16,0,0.18,30,22
12/6/2018,0,0.08,0.02,0.16,0.26,35,29
12/7/2018,0,0.12,0.08,0.02,0.22,31,26
12/8/2018,0,,0.12,0.08,0.2,28,21
12/9/2018,0,0.03,,0.12,0.15,31,26
12/10/2018,0,0,0.03,,0.03,31,27
12/11/2018,0,0,0,0.03,0.03,31,26
12/12/2018,0,0.05,0,0,0.05,33,29
12/13/2018,0,0.02,0.05,0,0.07,34,26
12/14/2018,0,0,0.02,0.05,0.07,47,36
12/15/2018,0,0,0,0.02,0.02,44,39
12/16/2018,0,0,0,0,0,36,33
12/17/2018,0,0.09,0,0,0.09,37,35
12/18/2018,0,0.01,0.09,0,0.1,25,24
12/19/2018,0,0.09,0.01,0.09,0.19,41,26
12/20/2018,0,,0.09,0.01,0.1,45,32
12/21/2018,0,0.02,,0.09,0.11,65,47
12/22/2018,0,0.18,0.02,,0.2,38,34
12/23/2018,0,0.32,0.18,0.02,0.52,30,28
12/24/2018,0,0.57,0.32,0.18,1.07,37,31
12/25/2018,0,0.06,0.57,0.32,0.95,31,27
12/26/2018,0,0.07,0.06,0.57,0.7,34,26
12/27/2018,0,0,0.07,0.06,0.13,40,25
12/28/2018,0,0.25,0,0.07,0.32,52,43
12/29/2018,0,0.1,0.25,0,0.35,50,39
12/30/2018,0,0.05,0.1,0.25,0.4,30,24
12/31/2018,0,0.2,0.05,0.1,0.35,45,28
1/1/2019,0,0.31,0.2,0.05,0.56,53,40
1/2/2019,0,0.06,0.31,0.2,0.57,31,24
1/3/2019,0,0.03,0.06,0.31,0.4,37,33
1/4/2019,0,0,0.03,0.06,0.09,49,36
1/5/2019,0,0,0,0.03,0.03,44,33
1/6/2019,0,0.29,0,0,0.29,37,34
1/7/2019,0,0.26,0.29,0,0.55,34,18
1/8/2019,0,0.02,0.26,0.29,0.57,43,36
1/9/2019,0,0.81,0.02,0.26,1.09,40,34
1/10/2019,0,0.5,0.81,0.02,1.33,27,25
1/11/2019,0,0.2,0.5,0.81,1.51,16,13
1/12/2019,0,0,0.2,0.5,0.7,22,14
1/13/2019,0,0,0,0.2,0.2,22,11
1/14/2019,0,0.02,0,0,0.02,22,10
1/15/2019,0,0,0.02,0,0.02,31,22
1/16/2019,0,0,0,0.02,0.02,35,29
1/17/2019,0,0.02,0,0,0.02,21,13
1/18/2019,0,0.04,0.02,0,0.06,34,26
1/19/2019,0,0.02,0.04,0.02,0.08,26,20
1/20/2019,0,0.75,0.02,0.04,0.81,19,12
1/21/2019,0,0.25,0.75,0.02,1.02,8,-1
1/22/2019,0,0.05,0.25,0.75,1.05,25,6
1/23/2019,0,0.05,0.05,0.25,0.35,45,28
1/24/2019,0,0.25,0.05,0.05,0.35,46,39
1/25/2019,0,0.06,0.25,0.05,0.36,29,26
1/26/2019,0,0,0.06,0.25,0.31,22,17
1/27/2019,0,0,0,0.06,0.06,31,23
1/28/2019,0,0,0,0,0,20,13
1/29/2019,0,0.15,0,0,0.15,29,23
1/30/2019,0,0,0.15,0,0.15,18,12
1/31/2019,0,0,0,0.15,0.15,11,3
2/1/2019,0,0,0,0,0,16,8
2/2/2019,0,0,0,0,0,33,12
2/3/2019,0,,0,0,0,49,33
2/4/2019,0,0,,0,0,61,50
2/5/2019,0,0.08,0,,0.08,52,46
2/6/2019,0,0,0.08,0,0.08,34,27
2/7/2019,0,0.49,0,0.08,0.57,48,35
2/8/2019,0,0.02,0.49,0,0.51,56,39
2/9/2019,0,,0.02,0.49,0.51,26,20
2/10/2019,0,0.03,,0.02,0.05,29,22
2/11/2019,0,0,0.03,,0.03,31,24
2/12/2019,0,0.02,0,0.03,0.05,26,19
2/13/2019,0,1.08,0.02,0,1.1,31,26
2/14/2019,0,0.09,1.08,0.02,1.19,39,27
2/15/2019,0,0,0.09,1.08,1.17,49,38
2/16/2019,0,0.01,0,0.09,0.1,28,27
2/17/2019,0,0,0.01,0,0.01,28,20
2/18/2019,0,0.09,0,0.01,0.1,24,22
2/19/2019,0,0.05,0.09,0,0.14,22,15
2/20/2019,0,0,0.05,0.09,0.14,35,18
2/21/2019,0,0.07,0,0.05,0.12,39,35
2/22/2019,0,,0.07,0,0.07,34,32
2/23/2019,0,,,0.07,0.07,37,27
2/24/2019,0,,,,0,51,37
2/25/2019,0,,,,0,32,28
2/26/2019,0,,,,0,20,18
2/27/2019,0,,,,0,13,11
2/28/2019,0,,,,0,22,14
3/1/2019,0,,,,0,39,20
3/2/2019,0,0,,,0,35,29
3/3/2019,0,0.08,0,,0.08,30,27
3/4/2019,0,0.14,0.08,0,0.22,25,23
3/5/2019,0,0.01,0.14,0.08,0.23,19,15
3/6/2019,0,0.01,0.01,0.14,0.16,18,14
3/7/2019,0,0.04,0.01,0.01,0.06,21,14
3/8/2019,0,0,0.04,0.01,0.05,33,20
3/9/2019,0,0,0,0.04,0.04,37,22
3/10/2019,0,0.03,0,0,0.03,43,36
3/11/2019,0,0,0.03,0,0.03,37,36
3/12/2019,0,0.23,0,0.03,0.26,32,30
3/13/2019,0,0,0.23,0,0.23,46,28
3/14/2019,0,0,0,0.23,0.23,59,43
3/15/2019,0,0.1,0,0,0.1,59,54
3/16/2019,0,,0.1,0,0.1,40,36
3/17/2019,0,0.08,,0.1,0.18,33,27
3/18/2019,0,0.02,0.08,,0.1,38,30
3/19/2019,0,0.05,0.02,0.08,0.15,43,31
3/20/2019,0,0,0.05,0.02,0.07,53,37
3/21/2019,0,0.09,0,0.05,0.14,51,44
3/22/2019,0,0.37,0.09,0,0.46,38,37
3/23/2019,0,0.4,0.37,0.09,0.86,33,28
3/24/2019,0,0,0.4,0.37,0.77,49,36
3/25/2019,0,0,0,0.4,0.4,38,34
3/26/2019,0,0,0,0,0,40,29
3/27/2019,0,0,0,0,0,51,33
3/28/2019,0,0,0,0,0,63,48
3/29/2019,0,0,0,0,0,56,51
3/30/2019,0,0.01,0,0,0.01,68,51
3/31/2019,0,0.21,0.01,0,0.22,54,44
4/1/2019,0,0.29,0.21,0.01,0.51,37,31
4/2/2019,0,0.01,0.29,0.21,0.51,53,36
4/3/2019,0,0,0.01,0.29,0.3,54,43
4/4/2019,0,0,0,0.01,0.01,43,38
4/5/2019,0,0,0,0,0,42,33
4/6/2019,0,0.42,0,0,0.42,59,46
4/7/2019,0,0,0.42,0,0.42,65,50
4/8/2019,0,0.09,0,0.42,0.51,69,59
4/9/2019,0,0,0.09,0,0.09,67,53
4/10/2019,0,0.02,0,0.09,0.11,45,40
4/11/2019,0,0,0.02,0,0.02,44,36
4/12/2019,0,0,0,0.02,0.02,73,54
4/13/2019,0,0.01,0,0,0.01,70,62
4/14/2019,0,0,0.01,0,0.01,58,47
4/15/2019,0,0.82,0,0.01,0.83,55,45
4/16/2019,0,0.13,0.82,0,0.95,53,43
4/17/2019,0,0,0.13,0.82,0.95,62,47
4/18/2019,0,0.03,0,0.13,0.16,71,58
4/19/2019,0,0.02,0.03,0,0.05,74,68
4/20/2019,0,0.9,0.02,0.03,0.95,75,55
4/21/2019,0,0.02,0.9,0.02,0.94,56,51
4/22/2019,0,0,0.02,0.9,0.92,62,53
4/23/2019,0,,0,0.02,0.02,78,58
4/24/2019,0,0.13,,0,0.13,50,49
4/25/2019,0,0,0.13,,0.13,65,48
4/26/2019,0,0.27,0,0.13,0.4,65,58
4/27/2019,0,0.86,0.27,0,1.13,48,43
4/28/2019,0,0.15,0.86,0.27,1.28,48,42
4/29/2019,0,0.02,0.15,0.86,1.03,51,42
4/30/2019,0,0.11,0.02,0.15,0.28,57,48
5/1/2019,0,0.28,0.11,0.02,0.41,66,51
5/2/2019,0,0.21,0.28,0.11,0.6,60,55
5/3/2019,0,0.22,0.21,0.28,0.71,68,55
5/4/2019,0,0.09,0.22,0.21,0.52,59,52
5/5/2019,0,0,0.09,0.22,0.31,65,53
5/6/2019,0,0.34,0,0.09,0.43,73,61
5/7/2019,0,,0.34,0,0.34,61,57
5/8/2019,0,0.23,,0.34,0.57,62,50
5/9/2019,0,0.02,0.23,,0.25,70,55
5/10/2019,0,0.43,0.02,0.23,0.68,75,62
5/11/2019,0,0.41,0.43,0.02,0.86,59,51
5/12/2019,0,0.11,0.41,0.43,0.95,50,46
5/13/2019,0,0.43,0.11,0.41,0.95,49,44
5/14/2019,0,0.63,0.43,0.11,1.17,50,44
5/15/2019,0,0.19,0.63,0.43,1.25,67,51
5/16/2019,0,0.05,0.19,0.63,0.87,66,56
5/17/2019,0,0.05,0.05,0.19,0.29,69,59
5/18/2019,0,0,0.05,0.05,0.1,68,54
5/19/2019,0,0.07,0,0.05,0.12,89,67
5/20/2019,0,0.3,0.07,0,0.37,75,68
5/21/2019,0,0,0.3,0.07,0.37,64,54
5/22/2019,0,0,0,0.3,0.3,71,56
5/23/2019,0,0.02,0,0,0.02,79,67
5/24/2019,0,0.02,0.02,0,0.04,65,61
5/25/2019,0,0,0.02,0.02,0.04,76,60
5/26/2019,0,0.65,0,0.02,0.67,80,71
5/27/2019,0,0,0.65,0,0.65,76,64
5/28/2019,0,0.02,0,0.65,0.67,63,57
5/29/2019,0,0.19,0.02,0,0.21,64,56
5/30/2019,0,0.02,0.19,0.02,0.23,73,62
5/31/2019,0,0.07,0.02,0.19,0.28,71,63
6/1/2019,0,0,0.07,0.02,0.09,80,65
6/2/2019,0,0.7,0,0.07,0.77,68,63
6/3/2019,0,0.2,0.7,0,0.9,61,54
6/4/2019,0,0,0.2,0.7,0.9,66,55
6/5/2019,0,0.1,0,0.2,0.3,73,64
6/6/2019,0,0.38,0.1,0,0.48,74,65
6/7/2019,0,0,0.38,0.1,0.48,78,64
6/8/2019,0,0,0,0.38,0.38,83,67
6/9/2019,0,0,0,0,0,85,69
6/10/2019,0,0,0,0,0,75,67
6/11/2019,0,0.87,0,0,0.87,70,63
6/12/2019,0,0,0.87,0,0.87,77,63
6/13/2019,0,0,0,0.87,0.87,66,62
6/14/2019,0,0.71,0,0,0.71,72,61
6/15/2019,0,,0.71,0,0.71,78,68
6/16/2019,0,0.45,,0.71,1.16,66,63
6/17/2019,0,0.44,0.45,,0.89,77,62
6/18/2019,0,0,0.44,0.45,0.89,81,68
6/19/2019,0,0.01,0,0.44,0.45,85,72
6/20/2019,0,0.4,0.01,0,0.41,76,70
6/21/2019,0,0.62,0.4,0.01,1.03,75,67
6/22/2019,0,0,0.62,0.4,1.02,75,65
6/23/2019,0,0,0,0.62,0.62,79,68
6/24/2019,0,0,0,0,0,80,68
6/25/2019,0,0.39,0,0,0.39,84,76
6/26/2019,0,0,0.39,0,0.39,87,74
6/27/2019,0,0,0,0.39,0.39,85,75
6/28/2019,0,0,0,0,0,90,75
6/29/2019,0,0,0,0,0,84,76
6/30/2019,0,0,0,0,0,73,70
7/1/2019,0,0,0,0,0,81,69
7/2/2019,0,0.02,0,0,0.02,81,71
7/3/2019,0,0,0.02,0,0.02,89,75
7/4/2019,0,0,0,0.02,0.02,91,78
7/5/2019,0,0,0,0,0,93,82
7/6/2019,0,0.05,0,0,0.05,85,79
7/7/2019,0,0.89,0.05,0,0.94,83,73
7/8/2019,0,0,0.89,0.05,0.94,83,69
7/9/2019,0,0,0,0.89,0.89,87,70
7/10/2019,0,0,0,0,0,92,74
7/11/2019,0,0,0,0,0,86,80
7/12/2019,0,0.01,0,0,0.01,77,71
7/13/2019,0,0,0.01,0,0.01,87,74
7/14/2019,0,0,0,0.01,0.01,81,76
7/15/2019,0,0,0,0,0,84,72
7/16/2019,0,0,0,0,0,95,75
7/17/2019,0,1.45,0,0,1.45,78,74
7/18/2019,0,0.58,1.45,0,2.03,88,75
7/19/2019,0,0,0.58,1.45,2.03,92,81
7/20/2019,0,0,0,0.58,0.58,93,84
7/21/2019,0,0.65,0,0,0.65,86,81
7/22/2019,0,0.03,0.65,0,0.68,70,69
7/23/2019,0,1.02,0.03,0.65,1.7,82,71
7/24/2019,0,0,1.02,0.03,1.05,82,69
7/25/2019,0,0,0,1.02,1.02,82,71
7/26/2019,0,0,0,0,0,86,72
7/27/2019,0,0,0,0,0,89,75
7/28/2019,0,0,0,0,0,87,79
7/29/2019,0,0,0,0,0,91,78
7/30/2019,0,0.57,0,0,0.57,90,76
7/31/2019,0,0.93,0.57,0,1.5,82,74
8/1/2019,0,,0.93,0.57,1.5,83,71
8/2/2019,0,0,,0.93,0.93,84,69
8/3/2019,0,0,0,,0,85,74
8/4/2019,0,,0,0,0,80,72
8/5/2019,0,0,,0,0,84,69
8/6/2019,0,0,0,,0,89,72
8/7/2019,0,0.61,0,0,0.61,80,71
8/8/2019,0,0.32,0.61,0,0.93,85,72
8/9/2019,0,0.25,0.32,0.61,1.18,79,70
8/10/2019,0,0.95,0.25,0.32,1.52,74,65
8/11/2019,0,0.14,0.95,0.25,1.34,79,68
8/12/2019,0,0,0.14,0.95,1.09,84,71
8/13/2019,0,0.05,0,0.14,0.19,83,74
8/14/2019,0,0.44,0.05,0,0.49,82,71
8/15/2019,0,0.05,0.44,0.05,0.54,81,69
8/16/2019,0,0.08,0.05,0.44,0.57,82,71
8/17/2019,0,0.62,0.08,0.05,0.75,83,70
8/18/2019,0,0.75,0.62,0.08,1.45,87,71
8/19/2019,0,0.99,0.75,0.62,2.36,85,74
8/20/2019,0,0.01,0.99,0.75,1.75,84,74
8/21/2019,0,0.11,0.01,0.99,1.11,83,73
8/22/2019,0,0.22,0.11,0.01,0.34,76,73
8/23/2019,0,0,0.22,0.11,0.33,75,66
8/24/2019,0,,0,0.22,0.22,72,63
8/25/2019,0,0,,0,0,77,64
8/26/2019,0,0,0,,0,77,64
8/27/2019,0,0,0,0,0,76,66
8/28/2019,0,0.19,0,0,0.19,72,70
8/29/2019,0,0.39,0.19,0,0.58,76,67
8/30/2019,0,0,0.39,0.19,0.58,78,68
8/31/2019,0,0,0,0.39,0.39,73,64
9/1/2019,0,0,0,0,0,72,61
9/2/2019,2,1.29,0,0,1.29,75,67
9/3/2019,0,0.07,1.29,0,1.36,78,67
9/4/2019,0,0.18,0.07,1.29,1.54,77,72
9/5/2019,1,0.02,0.18,0.07,0.27,73,63
9/6/2019,0,0.02,0.02,0.18,0.22,75,61
9/7/2019,0,0.03,0.02,0.02,0.07,70,64
9/8/2019,0,0,0.03,0.02,0.05,70,62
9/9/2019,0,0,0,0.03,0.03,70,60
9/10/2019,0,0.21,0,0,0.21,82,62
9/11/2019,0,0.02,0.21,0,0.23,83,77
9/12/2019,0,0,0.02,0.21,0.23,68,65
9/13/2019,0,0.07,0,0.02,0.09,74,60
9/14/2019,0,0.1,0.07,0,0.17,76,67
9/15/2019,0,0.09,0.1,0.07,0.26,75,63
9/16/2019,0,0,0.09,0.1,0.19,73,64
9/17/2019,0,0,0,0.09,0.09,74,60
9/18/2019,0,0,0,0,0,73,59
9/19/2019,1,0,0,0,0,74,59
9/20/2019,1,0,0,0,0,77,61
9/21/2019,0,0,0,0,0,83,66
9/22/2019,0,0,0,0,0,87,69
9/23/2019,0,0.55,0,0,0.55,78,76
9/24/2019,0,0.17,0.55,0,0.72,67,62
9/25/2019,0,0.01,0.17,0.55,0.73,78,62
9/26/2019,0,0.13,0.01,0.17,0.31,70,67
9/27/2019,0,0.02,0.13,0.01,0.16,73,59
9/28/2019,0,0,0.02,0.13,0.15,81,70
9/29/2019,0,,0,0.02,0.02,67,61
9/30/2019,0,0,,0,0,63,55
10/1/2019,0,0.02,0,,0.02,88,72
10/2/2019,0,0.4,0.02,0,0.42,71,67
10/3/2019,0,0.12,0.4,0.02,0.54,59,50
10/4/2019,0,0.4,0.12,0.4,0.92,56,51
10/5/2019,0,0,0.4,0.12,0.52,61,46
10/6/2019,0,0,0,0.4,0.4,66,56
10/7/2019,0,1.16,0,0,1.16,63,60
10/8/2019,0,0,1.16,0,1.16,66,56
10/9/2019,0,0,0,1.16,1.16,63,50
10/10/2019,0,0.03,0,0,0.03,67,53
10/11/2019,0,0.03,0.03,0,0.06,71,52
10/12/2019,0,0,0.03,0.03,0.06,57,52
10/13/2019,0,0,0,0.03,0.03,66,51
10/14/2019,0,0.12,0,0,0.12,59,54
10/15/2019,0,0,0.12,0,0.12,61,49
10/16/2019,0,0,0,0.12,0.12,62,53
10/17/2019,0,1.17,0,0,1.17,50,49
10/18/2019,0,0.84,1.17,0,2.01,47,47
10/19/2019,0,,0.84,1.17,2.01,57,46
10/20/2019,0,0,,0.84,0.84,62,47
10/21/2019,0,0,0,,0,67,49
10/22/2019,0,0,0,0,0,61,57
10/23/2019,0,0.6,0,0,0.6,62,54
10/24/2019,0,0,0.6,0,0.6,65,53
10/25/2019,0,0,0,0.6,0.6,50,49
10/26/2019,0,0.12,0,0,0.12,56,48
10/27/2019,0,0.38,0.12,0,0.5,66,53
10/28/2019,0,0.15,0.38,0.12,0.65,66,57
10/29/2019,0,0,0.15,0.38,0.53,68,56
10/30/2019,0,,0,0.15,0.15,62,59
10/31/2019,0,0.27,,0,0.27,70,61
11/1/2019,0,1.65,0.27,,1.92,54,48
11/2/2019,0,,1.65,0.27,1.92,51,43
11/3/2019,0,0,,1.65,1.65,46,43
11/4/2019,0,0,0,,0,53,42
11/5/2019,0,0.02,0,0,0.02,53,50
11/6/2019,0,0.27,0.02,0,0.29,44,40
11/7/2019,0,0,0.27,0.02,0.29,49,40
11/8/2019,0,0.25,0,0.27,0.52,31,28
11/9/2019,0,,0.25,0,0.25,38,29
11/10/2019,0,0,,0.25,0.25,47,40
11/11/2019,0,0.05,0,,0.05,41,36
11/12/2019,0,0.32,0.05,0,0.37,27,24
11/13/2019,0,0.37,0.32,0.05,0.74,24,20
11/14/2019,0,0,0.37,0.32,0.69,36,28
11/15/2019,0,,0,0.37,0.37,39,37
11/16/2019,0,0,,0,0,32,27
11/17/2019,0,0,0,,0,42,27
11/18/2019,0,0,0,0,0,44,36
11/19/2019,0,0,0,0,0,43,37
11/20/2019,0,0,0,0,0,43,35
11/21/2019,0,0,0,0,0,50,39
11/22/2019,0,,0,0,0,53,45
11/23/2019,0,0.06,,0,0.06,44,36
11/24/2019,0,0,0.06,,0.06,45,39
11/25/2019,0,0,0,0.06,0.06,49,42
11/26/2019,0,0,0,0,0,60,46
11/27/2019,0,0,0,0,0,57,44
11/28/2019,0,0.34,0,0,0.34,41,39
11/29/2019,0,0.11,0.34,0,0.45,30,29
11/30/2019,0,0,0.11,0.34,0.45,31,25
12/1/2019,0,0,0,0.11,0.11,28,21
12/2/2019,0,1.21,0,0,1.21,34,29
12/3/2019,0,0.02,1.21,0,1.23,34,26
12/4/2019,0,0.03,0.02,1.21,1.26,37,33
12/5/2019,0,0.2,0.03,0.02,0.25,35,33
12/6/2019,0,0.15,0.2,0.03,0.38,32,31
12/7/2019,0,0.28,0.15,0.2,0.63,29,26
12/8/2019,0,0,0.28,0.15,0.43,41,24
12/9/2019,0,0,0,0.28,0.28,49,42
12/10/2019,0,0.05,0,0,0.05,52,45
12/11/2019,0,0.02,0.05,0,0.07,35,28
12/12/2019,0,0,0.02,0.05,0.07,33,25
12/13/2019,0,0,0,0.02,0.02,44,35
12/14/2019,0,0.08,0,0,0.08,45,39
12/15/2019,0,1,0.08,0,1.08,38,35
12/16/2019,0,0.03,1,0.08,1.11,32,28
12/17/2019,0,0.17,0.03,1,1.2,30,27
12/18/2019,0,0.17,0.17,0.03,0.37,30,27
12/19/2019,0,0.2,0.17,0.17,0.54,16,13
12/20/2019,0,0.02,0.2,0.17,0.39,22,15
12/21/2019,0,0,0.02,0.2,0.22,32,14
12/22/2019,0,0,0,0.02,0.02,47,26
12/23/2019,0,0,0,0,0,54,36
12/24/2019,0,0,0,0,0,40,36
12/25/2019,0,0,0,0,0,44,31
12/26/2019,0,0,0,0,0,45,35
12/27/2019,0,0,0,0,0,55,47
12/28/2019,0,0,0,0,0,42,39
12/29/2019,0,0,0,0,0,37,32
12/30/2019,0,0.89,0,0,0.89,41,37
12/31/2019,0,0.11,0.89,0,1,43,37
1/1/2020,0,0.06,0.11,0.89,1.06,35,33
1/2/2020,0,0,0.06,0.11,0.17,51,38
1/3/2020,0,0,0,0.06,0.06,50,47
1/4/2020,0,0.22,0,0,0.22,42,40
1/5/2020,0,0.1,0.22,0,0.32,33,32
1/6/2020,0,0.33,0.1,0.22,0.65,40,34
1/7/2020,0,0,0.33,0.1,0.43,36,33
1/8/2020,0,0.1,0,0.33,0.43,34,31
1/9/2020,0,0.18,0.1,0,0.28,31,19
1/10/2020,0,0.02,0.18,0.1,0.3,48,36
1/11/2020,0,0.16,0.02,0.18,0.36,67,53
1/12/2020,0,0.13,0.16,0.02,0.31,65,49
1/13/2020,0,0,0.13,0.16,0.29,39,31
1/14/2020,0,0,0,0.13,0.13,48,39
1/15/2020,0,0,0,0,0,44,42
1/16/2020,0,0.15,0,0,0.15,38,35
1/17/2020,0,0.24,0.15,0,0.39,19,15
1/18/2020,0,0,0.24,0.15,0.39,35,13
1/19/2020,0,0.35,0,0.24,0.59,37,30
1/20/2020,0,0.15,0.35,0,0.5,19,15
1/21/2020,0,0.02,0.15,0.35,0.52,27,17
1/22/2020,0,0,0.02,0.15,0.17,36,26
1/23/2020,0,0,0,0.02,0.02,37,25
1/24/2020,0,0,0,0,0,46,33
1/25/2020,0,0.07,0,0,0.07,39,37
1/26/2020,0,1.1,0.07,0,1.17,38,36
1/27/2020,0,0.22,1.1,0.07,1.39,36,35
1/28/2020,0,0.11,0.22,1.1,1.43,33,31
1/29/2020,0,0.04,0.11,0.22,0.37,28,26
1/30/2020,0,0,0.04,0.11,0.15,28,18
1/31/2020,0,0,0,0.04,0.04,37,27
2/1/2020,0,0,0,0,0,33,31
2/2/2020,0,0.05,0,0,0.05,37,32
2/3/2020,0,0.04,0.05,0,0.09,44,37
2/4/2020,0,0,0.04,0.05,0.09,37,34
2/5/2020,0,0,0,0.04,0.04,35,32
2/6/2020,0,0.38,0,0,0.38,33,28
2/7/2020,0,0.68,0.38,0,1.06,33,28
2/8/2020,0,0.59,0.68,0.38,1.65,20,18
2/9/2020,0,,0.59,0.68,1.27,37,15
2/10/2020,0,0.16,,0.59,0.75,41,37
2/11/2020,0,0.03,0.16,,0.19,36,34
2/12/2020,0,0,0.03,0.16,0.19,40,34
2/13/2020,0,0.33,0,0.03,0.36,37,34
2/14/2020,0,0.11,0.33,0,0.44,16,12
2/15/2020,0,0,0.11,0.33,0.44,31,11
2/16/2020,0,0,0,0.11,0.11,39,34
2/17/2020,0,0.01,0,0,0.01,32,30
2/18/2020,0,0.12,0.01,0,0.13,44,32
2/19/2020,0,0.02,0.12,0.01,0.15,38,33
2/20/2020,0,0.25,0.02,0.12,0.39,24,22
2/21/2020,0,0.04,0.25,0.02,0.31,31,21
2/22/2020,0,0,0.04,0.25,0.29,39,28
2/23/2020,0,0,0,0.04,0.04,48,35
2/24/2020,0,0,0,0,0,53,44
2/25/2020,0,,0,0,0,43,39
2/26/2020,0,0.02,,0,0.02,41,38
2/27/2020,0,0.43,0.02,,0.45,40,33
2/28/2020,0,0.08,0.43,0.02,0.53,30,25
2/29/2020,0,0.04,0.08,0.43,0.55,25,21
3/1/2020,0,0.06,0.04,0.08,0.18,37,23
3/2/2020,0,0.06,0.06,0.04,0.16,58,40
3/3/2020,0,0.1,0.06,0.06,0.22,52,44
3/4/2020,0,0.33,0.1,0.06,0.49,47,41
3/5/2020,0,0.1,0.33,0.1,0.53,45,37
3/6/2020,0,0,0.1,0.33,0.43,46,37
3/7/2020,0,0.11,0,0.1,0.21,36,30
3/8/2020,0,0,0.11,0,0.11,58,37
3/9/2020,0,0,0,0.11,0.11,71,56
3/10/2020,0,0.04,0,0,0.04,63,56
3/11/2020,0,0.28,0.04,0,0.32,39,35
3/12/2020,0,0,0.28,0.04,0.32,54,40
3/13/2020,0,0,0,0.28,0.28,56,49
3/14/2020,0,0.01,0,0,0.01,40,38
3/15/2020,0,0,0.01,0,0.01,39,34
3/16/2020,0,0,0,0.01,0.01,51,32
3/17/2020,0,,0,0,0,45,43
3/18/2020,0,0,,0,0,48,38
3/19/2020,0,0.03,0,,0.03,51,45
3/20/2020,0,0.16,0.03,0,0.19,74,57
3/21/2020,0,0,0.16,0.03,0.19,35,33
3/22/2020,0,0,0,0.16,0.16,41,28
3/23/2020,0,0.04,0,0,0.04,38,33
3/24/2020,0,0.66,0.04,0,0.7,39,34
3/25/2020,0,0,0.66,0.04,0.7,47,37
3/26/2020,0,0,0,0.66,0.66,64,45
3/27/2020,0,0.02,0,0,0.02,51,45
3/28/2020,0,0,0.02,0,0.02,46,39
3/29/2020,0,0.24,0,0.02,0.26,63,48
3/30/2020,0,0.31,0.24,0,0.55,51,49
3/31/2020,0,0.33,0.31,0.24,0.88,54,44
4/1/2020,0,0.07,0.33,0.31,0.71,49,44
4/2/2020,0,0,0.07,0.33,0.4,52,40
4/3/2020,0,0.04,0,0.07,0.11,46,43
4/4/2020,0,0.1,0.04,0,0.14,58,47
4/5/2020,0,0,0.1,0.04,0.14,55,50
4/6/2020,0,0,0,0.1,0.1,57,45
4/7/2020,0,0,0,0,0,63,52
4/8/2020,0,0.26,0,0,0.26,54,48
4/9/2020,0,0.01,0.26,0,0.27,51,46
4/10/2020,0,0.5,0.01,0.26,0.77,41,37
4/11/2020,0,0.16,0.5,0.01,0.67,47,39
4/12/2020,0,0,0.16,0.5,0.66,63,45
4/13/2020,0,0.03,0,0.16,0.19,71,61
4/14/2020,0,0.25,0.03,0,0.28,49,44
4/15/2020,0,0.02,0.25,0.03,0.3,44,38
4/16/2020,0,0.22,0.02,0.25,0.49,39,33
4/17/2020,0,0.03,0.22,0.02,0.27,45,36
4/18/2020,0,0.18,0.03,0.22,0.43,49,38
4/19/2020,0,0,0.18,0.03,0.21,62,46
4/20/2020,0,0.05,0,0.18,0.23,50,41
4/21/2020,0,0,0.05,0,0.05,50,40
4/22/2020,0,0.22,0,0.05,0.27,42,34
4/23/2020,0,0,0.22,0,0.22,50,36
4/24/2020,0,0.03,0,0.22,0.25,53,45
4/25/2020,0,0,0.03,0,0.03,64,50
4/26/2020,0,0,0,0.03,0.03,52,49
4/27/2020,0,0.08,0,0,0.08,47,43
4/28/2020,0,0.04,0.08,0,0.12,61,44
4/29/2020,0,0,0.04,0.08,0.12,68,55
4/30/2020,0,0,0,0.04,0.04,67,59
5/1/2020,0,1.65,0,0,1.65,55,53
5/2/2020,0,0.29,1.65,0,1.94,68,52
5/3/2020,0,0.01,0.29,1.65,1.95,78,61
5/4/2020,0,0,0.01,0.29,0.3,50,49
5/5/2020,0,0.09,0,0.01,0.1,49,43
5/6/2020,0,0,0.09,0,0.09,55,44
5/7/2020,0,0,0,0.09,0.09,62,47
5/8/2020,0,0.1,0,0,0.1,47,40
5/9/2020,0,0.05,0.1,0,0.15,39,35
5/10/2020,0,0.05,0.05,0.1,0.2,53,42
5/11/2020,0,0.03,0.05,0.05,0.13,55,44
5/12/2020,0,0.05,0.03,0.05,0.13,51,42
5/13/2020,0,0.03,0.05,0.03,0.11,56,42
5/14/2020,0,0,0.03,0.05,0.08,68,49
5/15/2020,0,0.08,0,0.03,0.11,82,64
5/16/2020,0,0.44,0.08,0,0.52,66,58
5/17/2020,0,0,0.44,0.08,0.52,73,57
5/18/2020,0,0.28,0,0.44,0.72,64,60
5/19/2020,0,0.08,0.28,0,0.36,71,61
5/20/2020,0,0,0.08,0.28,0.36,75,61
5/21/2020,0,0,0,0.08,0.08,79,64
5/22/2020,0,0,0,0,0,81,68
5/23/2020,0,0.12,0,0,0.12,83,72
5/24/2020,0,0,0.12,0,0.12,83,70
5/25/2020,0,0,0,0.12,0.12,84,72
5/26/2020,0,0,0,0,0,93,78
5/27/2020,0,0,0,0,0,89,80
5/28/2020,0,0,0,0,0,83,76
5/29/2020,0,0,0,0,0,87,78
5/30/2020,0,0.36,0,0,0.36,71,64
5/31/2020,0,0.15,0.36,0,0.51,59,53
6/1/2020,0,0,0.15,0.36,0.51,67,56
6/2/2020,0,0,0,0.15,0.15,68,61
6/3/2020,0,0.12,0,0,0.12,76,66
6/4/2020,0,0.02,0.12,0,0.14,88,72
6/5/2020,0,0,0.02,0.12,0.14,88,77
6/6/2020,0,0,0,0.02,0.02,79,74
6/7/2020,0,0,0,0,0,70,63
6/8/2020,0,0,0,0,0,74,62
6/9/2020,0,0,0,0,0,87,69
6/10/2020,0,0,0,0,0,90,75
6/11/2020,0,0,0,0,0,82,78
6/12/2020,0,0,0,0,0,71,66
6/13/2020,0,0,0,0,0,62,54
6/14/2020,0,0,0,0,0,68,55
6/15/2020,0,0,0,0,0,75,61
6/16/2020,0,0,0,0,0,81,66
6/17/2020,0,0,0,0,0,86,69
6/18/2020,0,0,0,0,0,89,72
6/19/2020,0,,0,0,0,87,74
6/20/2020,0,0,,0,0,91,76
6/21/2020,0,0,0,,0,90,78
6/22/2020,0,0,0,0,0,92,81
6/23/2020,0,0.07,0,0,0.07,91,79
6/24/2020,0,0.18,0.07,0,0.25,81,73
6/25/2020,0,,0.18,0.07,0.25,83,70
6/26/2020,0,,,0.18,0.18,87,74
6/27/2020,0,,,,0,82,69
6/28/2020,0,,,,0,83,73
6/29/2020,0,,,,0,85,74
6/30/2020,0,,,,0,80,72
7/1/2020,0,0,,,0,84,71
7/2/2020,0,0,0,,0,92,77
7/3/2020,0,0,0,0,0,87,79
7/4/2020,0,0,0,0,0,90,78
7/5/2020,0,0,0,0,0,91,76
7/6/2020,0,0,0,0,0,93,78
7/7/2020,0,0,0,0,0,92,80
7/8/2020,0,0,0,0,0,92,81
7/9/2020,0,0,0,0,0,98,82
7/10/2020,0,0,0,0,0,95,84
7/11/2020,0,0.23,0,0,0.23,89,78
7/12/2020,0,1.84,0.23,0,2.07,86,76
7/13/2020,0,0.02,1.84,0.23,2.09,81,74
7/14/2020,0,0,0.02,1.84,1.86,84,73
7/15/2020,0,0,0,0.02,0.02,88,75
7/16/2020,0,0,0,0,0,82,75
7/17/2020,0,1.5,0,0,1.5,84,76
7/18/2020,0,0,1.5,0,1.5,89,76
7/19/2020,0,0.02,0,1.5,1.52,95,80
7/20/2020,0,0.07,0.02,0,0.09,88,81
7/21/2020,0,0,0.07,0.02,0.09,83,75
7/22/2020,0,0,0,0.07,0.07,84,72
7/23/2020,0,0.7,0,0,0.7,86,77
7/24/2020,0,0,0.7,0,0.7,87,76
7/25/2020,0,0,0,0.7,0.7,89,76
7/26/2020,0,0,0,0,0,89,78
7/27/2020,0,0,0,0,0,93,82
7/28/2020,0,0.8,0,0,0.8,86,80
7/29/2020,0,0.01,0.8,0,0.81,79,73
7/30/2020,0,0.25,0.01,0.8,1.06,84,73
7/31/2020,0,0,0.25,0.01,0.26,85,72
8/1/2020,0,0,0,0.25,0.25,87,75
8/2/2020,0,0.03,0,0,0.03,91,78
8/3/2020,0,0,0.03,0,0.03,83,77
8/4/2020,0,0.01,0,0.03,0.04,74,72
8/5/2020,0,1.24,0.01,0,1.25,79,72
8/6/2020,0,0,1.24,0.01,1.25,79,69
8/7/2020,0,0,0,1.24,1.24,80,68
8/8/2020,0,0,0,0,0,86,74
8/9/2020,0,0,0,0,0,87,76
8/10/2020,0,0,0,0,0,91,80
8/11/2020,0,0,0,0,0,93,80
8/12/2020,0,0.15,0,0,0.15,84,76
8/13/2020,0,0,0.15,0,0.15,87,73
8/14/2020,0,0,0,0.15,0.15,87,75
8/15/2020,0,0,0,0,0,86,74
8/16/2020,0,0.01,0,0,0.01,83,75
8/17/2020,0,0,0.01,0,0.01,81,73
8/18/2020,0,0.15,0,0.01,0.16,78,70
8/19/2020,0,0,0.15,0,0.15,74,67
8/20/2020,0,0.18,0,0.15,0.33,80,67
8/21/2020,0,0,0.18,0,0.18,86,72
8/22/2020,0,0,0,0.18,0.18,87,75
8/23/2020,0,0,0,0,0,91,76
8/24/2020,0,0,0,0,0,92,78
8/25/2020,0,0.2,0,0,0.2,84,77
8/26/2020,0,0.04,0.2,0,0.24,72,65
8/27/2020,0,0.59,0.04,0.2,0.83,84,68
8/28/2020,0,0.07,0.59,0.04,0.7,78,70
8/29/2020,0,0,0.07,0.59,0.66,86,72
8/30/2020,0,0.03,0,0.07,0.1,72,67
8/31/2020,0,0,0.03,0,0.03,78,64
9/1/2020,0,0,0,0.03,0.03,76,72
9/2/2020,0,0,0,0,0,84,75
9/3/2020,0,0.07,0,0,0.07,81,71
9/4/2020,0,0,0.07,0,0.07,76,70
9/5/2020,0,0,0,0.07,0.07,76,64
9/6/2020,0,0,0,0,0,76,67
9/7/2020,0,0,0,0,0,84,71
9/8/2020,0,0,0,0,0,86,75
9/9/2020,2,0,0,0,0,88,73
9/10/2020,0,0,0,0,0,82,70
9/11/2020,0,0.01,0,0,0.01,66,60
9/12/2020,0,0,0.01,0,0.01,77,58
9/13/2020,0,0,0,0.01,0.01,71,67
9/14/2020,0,0.29,0,0,0.29,66,63
9/15/2020,0,0,0.29,0,0.29,66,52
9/16/2020,0,0,0,0.29,0.29,76,59
9/17/2020,2,0,0,0,0,65,62
9/18/2020,0,0,0,0,0,63,54
9/19/2020,0,0,0,0,0,60,48
9/20/2020,0,0,0,0,0,63,49
9/21/2020,0,0,0,0,0,67,50
9/22/2020,0,0,0,0,0,69,52
9/23/2020,0,0,0,0,0,77,62
9/24/2020,0,0,0,0,0,79,63
9/25/2020,2,0.07,0,0,0.07,82,68
9/26/2020,0,0,0.07,0,0.07,83,67
9/27/2020,0,0,0,0.07,0.07,83,73
9/28/2020,0,0.02,0,0,0.02,84,74
9/29/2020,0,0.09,0.02,0,0.11,75,66
9/30/2020,0,1.23,0.09,0.02,1.34,66,58
10/1/2020,0,0.03,1.23,0.09,1.35,67,60
10/2/2020,0,0,0.03,1.23,1.26,63,53
10/3/2020,0,0.05,0,0.03,0.08,59,53
10/4/2020,0,0,0.05,0,0.05,63,49
10/5/2020,0,0,0,0.05,0.05,61,54
10/6/2020,0,0,0,0,0,67,54
10/7/2020,0,0,0,0,0,65,61
10/8/2020,0,0.35,0,0,0.35,57,51
10/9/2020,2,0,0.35,0,0.35,66,52
10/10/2020,0,,0,0.35,0.35,82,68
10/11/2020,0,0,,0,0,61,54
10/12/2020,0,0,0,,0,67,53
10/13/2020,0,0.02,0,0,0.02,60,54
10/14/2020,0,0.05,0.02,0,0.07,66,51
10/15/2020,0,0,0.05,0.02,0.07,79,62
10/16/2020,0,0.71,0,0.05,0.76,52,50
10/17/2020,0,0.08,0.71,0,0.79,59,44
10/18/2020,0,0.02,0.08,0.71,0.81,62,49
10/19/2020,0,0,0.02,0.08,0.1,60,57
10/20/2020,0,0.71,0,0.02,0.73,61,55
10/21/2020,0,0.15,0.71,0,0.86,73,56
10/22/2020,0,0.03,0.15,0.71,0.89,60,55
10/23/2020,0,0.04,0.03,0.15,0.22,81,63
10/24/2020,0,0.23,0.04,0.03,0.3,69,56
10/25/2020,0,,0.23,0.04,0.27,50,42
10/26/2020,0,0.32,,0.23,0.55,49,44
10/27/2020,0,0.48,0.32,,0.8,47,45
10/28/2020,0,0.15,0.48,0.32,0.95,53,47
10/29/2020,0,0,0.15,0.48,0.63,47,44
10/30/2020,0,0.52,0,0.15,0.67,42,39
10/31/2020,0,0,0.52,0,0.52,45,37
11/1/2020,0,0,0,0.52,0.52,52,43
11/2/2020,0,0.27,0,0,0.27,44,35
11/3/2020,0,0.15,0.27,0,0.42,46,40
11/4/2020,0,0,0.15,0.27,0.42,69,45
11/5/2020,0,0,0,0.15,0.15,72,61
11/6/2020,0,0,0,0,0,71,63
11/7/2020,0,0,0,0,0,73,58
11/8/2020,0,0,0,0,0,73,54
11/9/2020,0,0,0,0,0,77,54
11/10/2020,0,0,0,0,0,78,58
11/11/2020,0,0.36,0,0,0.36,68,66
11/12/2020,0,0.3,0.36,0,0.66,49,48
11/13/2020,0,0,0.3,0.36,0.66,51,38
11/14/2020,0,0.02,0,0.3,0.32,45,42
11/15/2020,0,0.01,0.02,0,0.03,54,40
11/16/2020,0,0.29,0.01,0.02,0.32,47,44
11/17/2020,0,0.13,0.29,0.01,0.43,40,38
11/18/2020,0,0.15,0.13,0.29,0.57,30,27
11/19/2020,0,0.02,0.15,0.13,0.3,55,37
11/20/2020,0,0,0.02,0.15,0.17,67,57
11/21/2020,0,0,0,0.02,0.02,55,48
11/22/2020,0,0,0,0,0,50,38
11/23/2020,0,0.06,0,0,0.06,53,43
11/24/2020,0,0.03,0.06,0,0.09,38,35
11/25/2020,0,0,0.03,0.06,0.09,51,40
11/26/2020,0,0.38,0,0.03,0.41,62,50
11/27/2020,0,0.07,0.38,0,0.45,51,49
11/28/2020,0,0.04,0.07,0.38,0.49,46,44
11/29/2020,0,0,0.04,0.07,0.11,54,38
11/30/2020,0,0,0,0.04,0.04,49,43
12/1/2020,0,0.3,0,0,0.3,46,43
12/2/2020,0,0.13,0.3,0,0.43,37,34
12/3/2020,0,0.24,0.13,0.3,0.67,47,38
12/4/2020,0,0,0.24,0.13,0.37,47,43
12/5/2020,0,0.02,0,0.24,0.26,41,39
12/6/2020,0,0.1,0.02,0,0.12,32,31
12/7/2020,0,0.05,0.1,0.02,0.17,32,29
12/8/2020,0,0.04,0.05,0.1,0.19,31,26
12/9/2020,0,0.09,0.04,0.05,0.18,38,32
12/10/2020,0,0.03,0.09,0.04,0.16,42,39
12/11/2020,0,0,0.03,0.09,0.12,56,38
12/12/2020,0,0,0,0.03,0.03,56,40
12/13/2020,0,0,0,0,0,56,48
12/14/2020,0,0,0,0,0,38,36
12/15/2020,0,0.05,0,0,0.05,32,29
12/16/2020,0,0,0.05,0,0.05,24,20
12/17/2020,0,0.51,0,0.05,0.56,27,22
12/18/2020,0,,0.51,0,0.51,28,23
12/19/2020,0,,,0.51,0.51,31,16
12/20/2020,0,0.01,,,0.01,37,31
12/21/2020,0,0.02,0.01,,0.03,42,38
12/22/2020,0,0.02,0.02,0.01,0.05,39,37
12/23/2020,0,0,0.02,0.02,0.04,42,34
12/24/2020,0,0,0,0.02,0.02,53,47
12/25/2020,0,1.38,0,0,1.38,53,41
12/26/2020,0,0.12,1.38,0,1.5,29,28
12/27/2020,0,0,0.12,1.38,1.5,36,31
12/28/2020,0,0,0,0.12,0.12,44,38
12/29/2020,0,0.15,0,0,0.15,34,30
12/30/2020,0,0.21,0.15,0,0.36,45,30
12/31/2020,0,0.03,0.21,0.15,0.39,44,38
1/1/2021,0,0,0.03,0.21,0.24,36,34
1/2/2021,0,0.85,0,0.03,0.88,37,33
1/3/2021,0,0,0.85,0,0.85,35,32
1/4/2021,0,0.03,0,0.85,0.88,35,33
1/5/2021,0,0.02,0.03,0,0.05,35,34
1/6/2021,0,0.02,0.02,0.03,0.07,34,32
1/7/2021,0,0.05,0.02,0.02,0.09,31,29
1/8/2021,0,0,0.05,0.02,0.07,26,23
1/9/2021,0,0,0,0.05,0.05,35,22
1/10/2021,0,0,0,0,0,32,26
1/11/2021,0,0,0,0,0,38,31
1/12/2021,0,0,0,0,0,35,32
1/13/2021,0,0,0,0,0,37,33
1/14/2021,0,0,0,0,0,42,37
1/15/2021,0,0,0,0,0,41,34
1/16/2021,0,0.32,0,0,0.32,37,35
1/17/2021,0,0.02,0.32,0,0.34,38,35
1/18/2021,0,0.13,0.02,0.32,0.47,34,32
1/19/2021,0,0.06,0.13,0.02,0.21,35,31
1/20/2021,0,0.1,0.06,0.13,0.29,29,27
1/21/2021,0,0.12,0.1,0.06,0.28,39,27
1/22/2021,0,0,0.12,0.1,0.22,37,35
1/23/2021,0,0.21,0,0.12,0.33,24,21
1/24/2021,0,0.1,0.21,0,0.31,22,15
1/25/2021,0,0,0.1,0.21,0.31,32,17
1/26/2021,0,0,0,0.1,0.1,28,24
1/27/2021,0,0.34,0,0,0.34,31,28
1/28/2021,0,0.07,0.34,0,0.41,24,21
1/29/2021,0,0.26,0.07,0.34,0.67,16,13
1/30/2021,0,0.04,0.26,0.07,0.37,23,15
1/31/2021,0,0,0.04,0.26,0.3,22,15
2/1/2021,0,0.11,0,0.04,0.15,30,21
2/2/2021,0,0.23,0.11,0,0.34,29,23
2/3/2021,0,1.12,0.23,0.11,1.46,34,27
2/4/2021,0,0.15,1.12,0.23,1.5,37,30
2/5/2021,0,0,0.15,1.12,1.27,44,33
2/6/2021,0,0,0,0.15,0.15,30,28
2/7/2021,0,0,0,0,0,27,17
2/8/2021,0,0,0,0,0,23,16
2/9/2021,0,0.04,0,0,0.04,28,20
2/10/2021,0,0.04,0.04,0,0.08,26,22
2/11/2021,0,0,0.04,0.04,0.08,26,21
2/12/2021,0,0.02,0,0.04,0.06,18,9
2/13/2021,0,0,0.02,0,0.02,23,11
2/14/2021,0,0.01,0,0.02,0.03,25,23
2/15/2021,0,0,0.01,0,0.01,28,24
2/16/2021,0,0.7,0,0.01,0.71,35,28
2/17/2021,0,0.04,0.7,0,0.74,25,18
2/18/2021,0,0,0.04,0.7,0.74,27,21
2/19/2021,0,0.02,0,0.04,0.06,31,25
2/20/2021,0,0.14,0.02,0,0.16,29,26
2/21/2021,0,0.25,0.14,0.02,0.41,34,22
2/22/2021,0,0.08,0.25,0.14,0.47,37,29
2/23/2021,0,0.06,0.08,0.25,0.39,39,34
2/24/2021,0,0.02,0.06,0.08,0.16,52,40
2/25/2021,0,0,0.02,0.06,0.08,38,36
2/26/2021,0,0,0,0.02,0.02,41,31
2/27/2021,0,0.02,0,0,0.02,47,38
2/28/2021,0,0,0.02,0,0.02,44,36
3/1/2021,0,0.09,0,0.02,0.11,46,39
3/2/2021,0,0.05,0.09,0,0.14,25,18
3/3/2021,0,0,0.05,0.09,0.14,43,30
3/4/2021,0,0,0,0.05,0.05,37,30
3/5/2021,0,0,0,0,0,32,24
3/6/2021,0,,0,0,0,24,22
3/7/2021,0,0.05,,0,0.05,29,21
3/8/2021,0,0,0.05,,0.05,37,22
3/9/2021,0,0,0,0.05,0.05,50,38
3/10/2021,0,0,0,0,0,65,42
3/11/2021,0,0,0,0,0,73,60
3/12/2021,0,0,0,0,0,58,51
3/13/2021,0,0,0,0,0,40,32
3/14/2021,0,0,0,0,0,39,34
3/15/2021,0,,0,0,0,28,23
3/16/2021,0,0,,0,0,43,26
3/17/2021,0,0,0,,0,52,40
3/18/2021,0,0,0,0,0,43,39
3/19/2021,0,0.28,0,0,0.28,36,31
3/20/2021,0,0,0.28,0,0.28,57,36
3/21/2021,0,0,0,0.28,0.28,65,44
3/22/2021,0,0,0,0,0,70,50
3/23/2021,0,0,0,0,0,70,52
3/24/2021,0,0,0,0,0,60,53
3/25/2021,0,0.18,0,0,0.18,76,62
3/26/2021,0,0.15,0.18,0,0.33,71,61
3/27/2021,0,0.06,0.15,0.18,0.39,52,43
3/28/2021,0,0,0.06,0.15,0.21,62,50
3/29/2021,0,0.5,0,0.06,0.56,44,40
3/30/2021,0,0,0.5,0,0.5,71,47
3/31/2021,0,0,0,0.5,0.5,60,56
4/1/2021,0,0.37,0,0,0.37,41,37
4/2/2021,0,0.11,0.37,0,0.48,38,30
4/3/2021,0,0,0.11,0.37,0.48,50,36
4/4/2021,0,0,0,0.11,0.11,59,47
4/5/2021,0,0,0,0,0,57,46
4/6/2021,0,0,0,0,0,63,46
4/7/2021,0,0,0,0,0,73,55
4/8/2021,0,0,0,0,0,80,61
4/9/2021,0,0,0,0,0,71,64
4/10/2021,0,0,0,0,0,81,62
4/11/2021,0,0,0,0,0,72,65
4/12/2021,0,0.06,0,0,0.06,54,53
4/13/2021,0,0.1,0.06,0,0.16,67,53
4/14/2021,0,0,0.1,0.06,0.16,71,55
4/15/2021,0,0,0,0.1,0.1,53,49
4/16/2021,0,0.37,0,0,0.37,47,42
4/17/2021,0,0.38,0.37,0,0.75,56,45
4/18/2021,0,0.06,0.38,0.37,0.81,64,51
4/19/2021,0,0.07,0.06,0.38,0.51,63,52
4/20/2021,0,0.07,0.07,0.06,0.2,54,49
4/21/2021,0,0.15,0.07,0.07,0.29,38,36
4/22/2021,0,0.29,0.15,0.07,0.51,44,34
4/23/2021,0,0,0.29,0.15,0.44,63,45
4/24/2021,0,0,0,0.29,0.29,68,57
4/25/2021,0,0.08,0,0,0.08,59,54
4/26/2021,0,0.02,0.08,0,0.1,50,42
4/27/2021,0,0,0.02,0.08,0.1,68,48
4/28/2021,0,0.02,0,0.02,0.04,73,60
4/29/2021,0,0.08,0.02,0,0.1,57,55
4/30/2021,0,0.88,0.08,0.02,0.98,51,49
5/1/2021,0,0.15,0.88,0.08,1.11,58,43
5/2/2021,0,0,0.15,0.88,1.03,67,55
5/3/2021,0,0.1,0,0.15,0.25,71,58
5/4/2021,0,0.24,0.1,0,0.34,69,59
5/5/2021,0,0.32,0.24,0.1,0.66,59,54
5/6/2021,0,0.12,0.32,0.24,0.68,58,50
5/7/2021,0,0,0.12,0.32,0.44,57,47
5/8/2021,0,0.95,0,0.12,1.07,54,45
5/9/2021,0,0.03,0.95,0,0.98,58,50
5/10/2021,0,0.4,0.03,0.95,1.38,59,49
5/11/2021,0,0,0.4,0.03,0.43,57,49
5/12/2021,0,0.03,0,0.4,0.43,64,52
5/13/2021,0,0,0.03,0,0.03,69,55
5/14/2021,0,0,0,0.03,0.03,72,59
5/15/2021,0,0,0,0,0,75,60
5/16/2021,0,0,0,0,0,78,62
5/17/2021,0,0,0,0,0,78,64
5/18/2021,0,0,0,0,0,80,66
5/19/2021,0,0,0,0,0,87,70
5/20/2021,0,0,0,0,0,92,73
5/21/2021,0,0,0,0,0,93,78
5/22/2021,0,0,0,0,0,85,75
5/23/2021,0,0,0,0,0,77,71
5/24/2021,0,0.18,0,0,0.18,78,62
5/25/2021,0,0,0.18,0,0.18,87,71
5/26/2021,0,0.03,0,0.18,0.21,90,77
5/27/2021,0,0.64,0.03,0,0.67,67,63
5/28/2021,0,0,0.64,0.03,0.67,50,49
5/29/2021,0,0.53,0,0.64,1.17,62,51
5/30/2021,0,0,0.53,0,0.53,59,53
5/31/2021,0,0.04,0,0.53,0.57,72,59
6/1/2021,0,0,0.04,0,0.04,78,64
6/2/2021,0,0,0,0.04,0.04,77,65
6/3/2021,0,0.12,0,0,0.12,79,70
6/4/2021,0,0.02,0.12,0,0.14,84,72
6/5/2021,0,0,0.02,0.12,0.14,93,79
6/6/2021,0,0,0,0.02,0.02,93,81
6/7/2021,0,0,0,0,0,94,80
6/8/2021,0,0.82,0,0,0.82,83,78
6/9/2021,0,1.85,0.82,0,2.67,87,77
6/10/2021,0,0,1.85,0.82,2.67,82,72
6/11/2021,0,0.02,0,1.85,1.87,81,69
6/12/2021,0,0.03,0.02,0,0.05,82,72
6/13/2021,0,0,0.03,0.02,0.05,87,72
6/14/2021,0,0,0,0.03,0.03,80,72
6/15/2021,0,0.29,0,0,0.29,71,64
6/16/2021,0,0.23,0.29,0,0.52,69,62
6/17/2021,0,0,0.23,0.29,0.52,76,64
6/18/2021,0,0,0,0.23,0.23,82,67
6/19/2021,0,0.07,0,0,0.07,88,76
6/20/2021,0,0.16,0.07,0,0.23,86,73
6/21/2021,0,0.06,0.16,0.07,0.29,92,80
6/22/2021,0,0.29,0.06,0.16,0.51,66,63
6/23/2021,0,,0.29,0.06,0.35,73,60
6/24/2021,0,0,,0.29,0.29,83,68
6/25/2021,0,0,0,,0,85,74
6/26/2021,0,0,0,0,0,90,79
6/27/2021,0,0,0,0,0,94,85
6/28/2021,0,0,0,0,0,96,86
6/29/2021,0,0,0,0,0,94,81
6/30/2021,0,0.15,0,0,0.15,87,78
7/1/2021,0,0.33,0.15,0,0.48,79,73
7/2/2021,0,0.14,0.33,0.15,0.62,77,69
7/3/2021,0,0.14,0.14,0.33,0.61,74,66
7/4/2021,0,0.13,0.14,0.14,0.41,79,67
7/5/2021,0,0,0.13,0.14,0.27,90,71
7/6/2021,0,,0,0.13,0.13,88,80
7/7/2021,0,0.16,,0,0.16,85,77
7/8/2021,0,0.28,0.16,,0.44,82,71
7/9/2021,0,0.77,0.28,0.16,1.21,84,74
7/10/2021,0,0.99,0.77,0.28,2.04,80,71
7/11/2021,0,0,0.99,0.77,1.76,75,69
7/12/2021,0,1.26,0,0.99,2.25,76,68
7/13/2021,0,0,1.26,0,1.26,88,77
7/14/2021,0,0.56,0,1.26,1.82,84,76
7/15/2021,0,0.06,0.56,0,0.62,90,77
7/16/2021,0,0,0.06,0.56,0.62,87,79
7/17/2021,0,0.12,0,0.06,0.18,76,72
7/18/2021,0,1.1,0.12,0,1.22,84,73
7/19/2021,0,0,1.1,0.12,1.22,84,76
7/20/2021,0,0,0,1.1,1.1,87,77
7/21/2021,0,0.58,0,0,0.58,76,69
7/22/2021,0,0.01,0.58,0,0.59,78,69
7/23/2021,0,0,0.01,0.58,0.59,81,71
7/24/2021,0,0,0,0.01,0.01,84,71
7/25/2021,0,0.3,0,0,0.3,85,78
7/26/2021,0,,0.3,0,0.3,87,77
7/27/2021,0,0,,0.3,0.3,86,74
7/28/2021,0,0.54,0,,0.54,79,69
7/29/2021,0,0,0.54,0,0.54,72,65
7/30/2021,0,0.04,0,0.54,0.58,71,67
7/31/2021,0,0.02,0.04,0,0.06,74,63
8/1/2021,0,0,0.02,0.04,0.06,74,64
8/2/2021,0,0.54,0,0.02,0.56,76,67
8/3/2021,0,0,0.54,0,0.54,81,67
8/4/2021,0,0,0,0.54,0.54,81,69
8/5/2021,0,0,0,0,0,85,71
8/6/2021,0,0,0,0,0,87,74
8/7/2021,0,0.07,0,0,0.07,88,78
8/8/2021,0,0,0.07,0,0.07,85,76
8/9/2021,0,0,0,0.07,0.07,90,79
8/10/2021,0,0,0,0,0,89,80
8/11/2021,0,0.09,0,0,0.09,92,83
8/12/2021,0,0.07,0.09,0,0.16,87,82
8/13/2021,0,0.03,0.07,0.09,0.19,91,80
8/14/2021,0,0.15,0.03,0.07,0.25,80,75
8/15/2021,0,0,0.15,0.03,0.18,77,67
8/16/2021,0,0.01,0,0.15,0.16,81,66
8/17/2021,0,0.38,0.01,0,0.39,85,74
8/18/2021,0,3.34,0.38,0.01,3.73,77,74
8/19/2021,0,3.31,3.34,0.38,7.03,82,75
8/20/2021,0,0.04,3.31,3.34,6.69,86,76
8/21/2021,0,0.28,0.04,3.31,3.63,86,78
8/22/2021,0,0.33,0.28,0.04,0.65,89,78
8/23/2021,0,0.06,0.33,0.28,0.67,86,78
8/24/2021,0,0,0.06,0.33,0.39,87,78
8/25/2021,0,0,0,0.06,0.06,92,78
8/26/2021,0,0,0,0,0,91,82
8/27/2021,0,0,0,0,0,87,79
8/28/2021,0,0,0,0,0,81,73
8/29/2021,0,0,0,0,0,85,76
8/30/2021,0,0.23,0,0,0.23,86,78
8/31/2021,0,0,0.23,0,0.23,82,73
9/1/2021,0,,0,0.23,0.23,70,67
9/2/2021,0,0,,0,0,69,61
9/3/2021,0,0.05,0,,0.05,73,64
9/4/2021,0,0,0.05,0,0.05,79,66
9/5/2021,0,0.05,0,0.05,0.1,79,68
9/6/2021,0,0.04,0.05,0,0.09,76,67
9/7/2021,0,0.06,0.04,0.05,0.15,79,68
9/8/2021,0,0,0.06,0.04,0.1,78,71
9/9/2021,0,0.17,0,0.06,0.23,76,67
9/10/2021,0,0.29,0.17,0,0.46,73,65
9/11/2021,0,0,0.29,0.17,0.46,80,66
9/12/2021,0,0,0,0.29,0.29,79,73
9/13/2021,0,0.87,0,0,0.87,76,68
9/14/2021,0,0,0.87,0,0.87,85,67
9/15/2021,0,0.5,0,0.87,1.37,79,74
9/16/2021,0,0.7,0.5,0,1.2,77,66
9/17/2021,0,0,0.7,0.5,1.2,83,70
9/18/2021,0,0.3,0,0.7,1,80,71
9/19/2021,0,0.02,0.3,0,0.32,75,63
9/20/2021,0,0,0.02,0.3,0.32,80,63
9/21/2021,0,0,0,0.02,0.02,78,68
9/22/2021,0,0.03,0,0,0.03,77,71
9/23/2021,0,0.15,0.03,0,0.18,76,71
9/24/2021,0,1.26,0.15,0.03,1.44,70,61
9/25/2021,0,0,1.26,0.15,1.41,78,61
9/26/2021,0,0,0,1.26,1.26,72,63
9/27/2021,0,0.05,0,0,0.05,78,65
9/28/2021,0,0.07,0.05,0,0.12,69,64
9/29/2021,0,0,0.07,0.05,0.12,69,57
9/30/2021,0,0.09,0,0.07,0.16,63,55
10/1/2021,0,0.02,0.09,0,0.11,65,56
10/2/2021,0,,0.02,0.09,0.11,78,61
10/3/2021,0,0,,0.02,0.02,65,62
10/4/2021,0,1.7,0,,1.7,64,62
10/5/2021,0,0.38,1.7,0,2.08,65,60
10/6/2021,0,0,0.38,1.7,2.08,73,64
10/7/2021,0,0,0,0.38,0.38,79,65
10/8/2021,0,0,0,0,0,79,66
10/9/2021,0,0,0,0,0,72,65
10/10/2021,0,0.01,0,0,0.01,74,64
10/11/2021,0,0,0.01,0,0.01,79,67
10/12/2021,0,0,0,0.01,0.01,79,67
10/13/2021,0,0.03,0,0,0.03,77,66
10/14/2021,0,0,0.03,0,0.03,77,67
10/15/2021,0,0,0,0.03,0.03,78,67
10/16/2021,0,0.65,0,0,0.65,73,67
10/17/2021,0,0.9,0.65,0,1.55,57,53
10/18/2021,0,0.83,0.9,0.65,2.38,51,49
10/19/2021,0,0.09,0.83,0.9,1.82,67,53
10/20/2021,0,0,0.09,0.83,0.92,75,63
10/21/2021,0,0.02,0,0.09,0.11,74,63
10/22/2021,0,0.49,0.02,0,0.51,61,55
10/23/2021,0,0,0.49,0.02,0.51,55,45
10/24/2021,0,0.04,0,0.49,0.53,59,47
10/25/2021,0,0.42,0.04,0,0.46,64,53
10/26/2021,0,0,0.42,0.04,0.46,56,54
10/27/2021,0,1.8,0,0.42,2.22,59,51
10/28/2021,0,0,1.8,0,1.8,59,47
10/29/2021,0,0,0,1.8,1.8,58,48
10/30/2021,0,,0,0,0,57,51
10/31/2021,0,,,0,0,56,53
11/1/2021,0,0.03,,,0.03,55,51
11/2/2021,0,0,0.03,,0.03,50,45
11/3/2021,0,0,0,0.03,0.03,47,41
11/4/2021,0,0,0,0,0,48,37
11/5/2021,0,0.02,0,0,0.02,51,39
11/6/2021,0,0,0.02,0,0.02,55,40
11/7/2021,0,0,0,0.02,0.02,61,42
11/8/2021,0,,0,0,0,64,47
11/9/2021,0,0,,0,0,63,49
11/10/2021,0,0.26,0,,0.26,56,52
11/11/2021,0,0,0.26,0,0.26,60,43
11/12/2021,0,0.85,0,0.26,1.11,63,56
11/13/2021,0,0.1,0.85,0,0.95,48,44
11/14/2021,0,0.27,0.1,0.85,1.22,46,42
11/15/2021,0,0.29,0.27,0.1,0.66,44,39
11/16/2021,0,0.1,0.29,0.27,0.66,41,37
11/17/2021,0,0.04,0.1,0.29,0.43,57,42
11/18/2021,0,0,0.04,0.1,0.14,61,54
11/19/2021,0,0.33,0,0.04,0.37,42,39
11/20/2021,0,0,0.33,0,0.33,45,37
11/21/2021,0,0.03,0,0.33,0.36,51,44
11/22/2021,0,0.08,0.03,0,0.11,47,42
11/23/2021,0,0.15,0.08,0.03,0.26,33,31
11/24/2021,0,0,0.15,0.08,0.23,46,31
11/25/2021,0,,0,0.15,0.15,50,39
11/26/2021,0,,,0,0,47,40
11/27/2021,0,,,,0,34,32
11/28/2021,0,,,,0,34,33
11/29/2021,0,,,,0,35,33
11/30/2021,0,,,,0,39,34
12/1/2021,0,0.02,,,0.02,43,39
12/2/2021,0,0.03,0.02,,0.05,53,45
12/3/2021,0,0.21,0.03,0.02,0.26,39,37
12/4/2021,0,0,0.21,0.03,0.24,47,37
12/5/2021,0,0,0,0.21,0.21,49,38
12/6/2021,0,0.05,0,0,0.05,57,49
12/7/2021,0,0,0.05,0,0.05,37,34
12/8/2021,0,0.24,0,0.05,0.29,35,31
12/9/2021,0,0.13,0.24,0,0.37,34,30
12/10/2021,0,0,0.13,0.24,0.37,46,38
12/11/2021,0,0.16,0,0.13,0.29,64,49
12/12/2021,0,0.07,0.16,0,0.23,47,42
12/13/2021,0,0,0.07,0.16,0.23,54,46
12/14/2021,0,0,0,0.07,0.07,48,40
12/15/2021,0,0,0,0,0,51,37
12/16/2021,0,,0,0,0,67,57
12/17/2021,0,,,0,0,56,50
12/18/2021,0,,,,0,37,35
12/19/2021,0,,,,0,32,29
12/20/2021,0,0,,,0,39,28
12/21/2021,0,0,0,,0,40,37
12/22/2021,0,,0,0,0,39,35
12/23/2021,0,0.35,,0,0.35,32,27
12/24/2021,0,0.13,0.35,,0.48,34,28
12/25/2021,0,0.03,0.13,0.35,0.51,39,34
12/26/2021,0,0.5,0.03,0.13,0.66,40,36
12/27/2021,0,0,0.5,0.03,0.53,36,30
12/28/2021,0,0.02,0,0.5,0.52,44,37
12/29/2021,0,0.09,0.02,0,0.11,42,36
12/30/2021,0,0,0.09,0.02,0.11,44,40
12/31/2021,0,0.02,0,0.09,0.11,52,42
1/1/2022,0,0.08,0.02,0,0.1,49,42
1/2/2022,0,0.35,0.08,0.02,0.45,37,31
1/3/2022,0,0.06,0.35,0.08,0.49,20,18
1/4/2022,0,0,0.06,0.35,0.41,34,21
1/5/2022,0,0,0,0.06,0.06,43,35
1/6/2022,0,0,0,0,0,35,33
1/7/2022,0,0.06,0,0,0.06,27,26
1/8/2022,0,0.14,0.06,0,0.2,31,14
1/9/2022,0,0.03,0.14,0.06,0.23,41,33
1/10/2022,0,0.04,0.03,0.14,0.21,28,25
1/11/2022,0,0.22,0.04,0.03,0.29,16,8
1/12/2022,0,,0.22,0.04,0.26,36,24
1/13/2022,0,0.02,,0.22,0.24,42,36
1/14/2022,0,,0.02,,0.02,36,29
1/15/2022,0,0,,0.02,0.02,6,1
1/16/2022,0,0,0,,0,31,7
1/17/2022,0,0.72,0,0,0.72,35,27
1/18/2022,0,0.27,0.72,0,0.99,26,24
1/19/2022,0,0,0.27,0.72,0.99,44,29
1/20/2022,0,0,0,0.27,0.27,34,24
1/21/2022,0,0.02,0,0,0.02,16,9
1/22/2022,0,0,0.02,0,0.02,27,6
1/23/2022,0,,0,0.02,0.02,29,26
1/24/2022,0,0.02,,0,0.02,22,17
1/25/2022,0,0.1,0.02,,0.12,28,23
1/26/2022,0,0.03,0.1,0.02,0.15,18,12
1/27/2022,0,0,0.03,0.1,0.13,30,9
1/28/2022,0,0.07,0,0.03,0.1,29,24
1/29/2022,0,0,0.07,0,0.07,11,6
1/30/2022,0,0,0,0.07,0.07,22,6
1/31/2022,0,0,0,0,0,35,18
2/1/2022,0,0,0,0,0,39,22
2/2/2022,0,0,0,0,0,44,37
2/3/2022,0,0.19,0,0,0.19,41,36
2/4/2022,0,0.7,0.19,0,0.89,20,19
2/5/2022,0,0.15,0.7,0.19,1.04,18,14
2/6/2022,0,0,0.15,0.7,0.85,32,12
2/7/2022,0,0,0,0.15,0.15,42,28
2/8/2022,0,0,0,0,0,35,29
2/9/2022,0,0,0,0,0,50,30
2/10/2022,0,0.02,0,0,0.02,45,42
2/11/2022,0,0,0.02,0,0.02,52,39
2/12/2022,0,0,0,0.02,0.02,45,41
2/13/2022,0,0.07,0,0,0.07,21,19
2/14/2022,0,0.02,0.07,0,0.09,17,11
2/15/2022,0,0,0.02,0.07,0.09,27,17
2/16/2022,0,0,0,0.02,0.02,50,29
2/17/2022,0,0,0,0,0,56,51
2/18/2022,0,1.04,0,0,1.04,46,32
2/19/2022,0,0.04,1.04,0,1.08,32,24
2/20/2022,0,0.07,0.04,1.04,1.15,43,23
2/21/2022,0,0,0.07,0.04,0.11,58,46
2/22/2022,0,0,0,0.07,0.07,60,47
2/23/2022,0,0.38,0,0,0.38,59,46
2/24/2022,0,0,0.38,0,0.38,29,21
2/25/2022,0,0.47,0,0.38,0.85,27,22
2/26/2022,0,0.08,0.47,0,0.55,29,21
2/27/2022,0,0,0.08,0.47,0.55,34,29
2/28/2022,0,0.04,0,0.08,0.12,24,20
3/1/2022,0,0,0.04,0,0.04,45,29
3/2/2022,0,0.09,0,0.04,0.13,39,34
3/3/2022,0,0.38,0.09,0,0.47,33,28
3/4/2022,0,,0.38,0.09,0.47,31,22
3/5/2022,0,0,,0.38,0.38,46,28
3/6/2022,0,0,0,,0,75,55
3/7/2022,0,0,0,0,0,43,41
3/8/2022,0,0.63,0,0,0.63,37,34
3/9/2022,0,0,0.63,0,0.63,36,29
3/10/2022,0,0.23,0,0.63,0.86,42,29
3/11/2022,0,0,0.23,0,0.23,50,35
3/12/2022,0,0.35,0,0.23,0.58,33,28
3/13/2022,0,0.14,0.35,0,0.49,30,21
3/14/2022,0,0,0.14,0.35,0.49,50,36
3/15/2022,0,0,0,0.14,0.14,46,41
3/16/2022,0,0.02,0,0,0.02,54,41
3/17/2022,0,0,0.02,0,0.02,68,51
3/18/2022,0,0,0,0.02,0.02,69,52
3/19/2022,0,0.14,0,0,0.14,71,58
3/20/2022,0,0.56,0.14,0,0.7,49,44
3/21/2022,0,0.15,0.56,0.14,0.85,52,42
3/22/2022,0,0,0.15,0.56,0.71,45,36
3/23/2022,0,0,0,0.15,0.15,45,34
3/24/2022,0,0.02,0,0,0.02,60,45
3/25/2022,0,0.12,0.02,0,0.14,52,43
3/26/2022,0,0.16,0.12,0.02,0.3,50,41
3/27/2022,0,0.13,0.16,0.12,0.41,34,32
3/28/2022,0,0.33,0.13,0.16,0.62,22,18
3/29/2022,0,0.13,0.33,0.13,0.59,30,24
3/30/2022,0,0,0.13,0.33,0.46,43,28
3/31/2022,0,0,0,0.13,0.13,72,52
4/1/2022,0,0.12,0,0,0.12,44,41
4/2/2022,0,0.15,0.12,0,0.27,46,36
4/3/2022,0,0.03,0.15,0.12,0.3,38,34
4/4/2022,0,0.27,0.03,0.15,0.45,46,38
4/5/2022,0,0,0.27,0.03,0.3,63,44
4/6/2022,0,0,0,0.27,0.27,63,51
4/7/2022,0,0.22,0,0,0.22,50,49
4/8/2022,0,0.9,0.22,0,1.12,55,46
4/9/2022,0,0,0.9,0.22,1.12,52,44
4/10/2022,0,0.03,0,0.9,0.93,42,38
4/11/2022,0,0.02,0.03,0,0.05,65,44
4/12/2022,0,0.56,0.02,0.03,0.61,62,55
4/13/2022,0,0,0.56,0.02,0.58,78,53
4/14/2022,0,0.05,0,0.56,0.61,78,65
4/15/2022,0,0.18,0.05,0,0.23,63,51
4/16/2022,0,0.12,0.18,0.05,0.35,49,42
4/17/2022,0,0.21,0.12,0.18,0.51,46,37
4/18/2022,0,0.15,0.21,0.12,0.48,56,40
4/19/2022,0,0.6,0.15,0.21,0.96,40,35
4/20/2022,0,0.26,0.6,0.15,1.01,50,41
4/21/2022,0,0,0.26,0.6,0.86,56,46
4/22/2022,0,0.01,0,0.26,0.27,55,50
4/23/2022,0,0,0.01,0,0.01,55,44
4/24/2022,0,0,0,0.01,0.01,77,56
4/25/2022,0,0,0,0,0,80,65
4/26/2022,0,0.07,0,0,0.07,61,54
4/27/2022,0,0.04,0.07,0,0.11,44,41
4/28/2022,0,0,0.04,0.07,0.11,48,40
4/29/2022,0,0,0,0.04,0.04,53,42
4/30/2022,0,0,0,0,0,58,44
5/1/2022,0,0,0,0,0,71,51
5/2/2022,0,0,0,0,0,62,57
5/3/2022,0,0.1,0,0,0.1,67,56
5/4/2022,0,,0.1,0,0.1,63,57
5/5/2022,0,0.44,,0.1,0.54,63,52
5/6/2022,0,0,0.44,,0.44,62,53
5/7/2022,0,0,0,0.44,0.44,62,54
5/8/2022,0,0,0,0,0,66,50
5/9/2022,0,0,0,0,0,74,55
5/10/2022,0,0,0,0,0,76,60
5/11/2022,0,0,0,0,0,81,64
5/12/2022,0,0,0,0,0,85,66
5/13/2022,0,0,0,0,0,84,72
5/14/2022,0,0,0,0,0,83,74
5/15/2022,0,0,0,0,0,82,72
5/16/2022,0,,0,0,0,74,64
5/17/2022,0,0.87,,0,0.87,63,55
5/18/2022,0,0.03,0.87,,0.9,63,54
5/19/2022,0,0.07,0.03,0.87,0.97,61,54
5/20/2022,0,0.16,0.07,0.03,0.26,83,62
5/21/2022,0,0.11,0.16,0.07,0.34,91,78
5/22/2022,0,0,0.11,0.16,0.27,81,69
5/23/2022,0,0.39,0,0.11,0.5,64,55
5/24/2022,0,0,0.39,0,0.39,72,57
5/25/2022,0,0,0,0.39,0.39,74,63
5/26/2022,0,0,0,0,0,82,70
5/27/2022,0,0.15,0,0,0.15,74,70
5/28/2022,0,0.69,0.15,0,0.84,70,63
5/29/2022,0,0.16,0.69,0.15,1,78,64
5/30/2022,0,0.04,0.16,0.69,0.89,86,69
5/31/2022,0,0,0.04,0.16,0.2,89,77
6/1/2022,0,0,0,0.04,0.04,70,69
6/2/2022,0,0.67,0,0,0.67,72,66
6/3/2022,0,0,0.67,0,0.67,74,64
6/4/2022,0,0,0,0.67,0.67,67,60
6/5/2022,0,0,0,0,0,75,61
6/6/2022,0,0,0,0,0,80,66
6/7/2022,0,0,0,0,0,72,70
6/8/2022,0,0.5,0,0,0.5,74,64
6/9/2022,0,0,0.5,0,0.5,64,60
6/10/2022,0,0,0,0.5,0.5,72,63
6/11/2022,0,0,0,0,0,77,64
6/12/2022,0,0,0,0,0,76,67
6/13/2022,0,0.74,0,0,0.74,74,66
6/14/2022,0,0,0.74,0,0.74,79,65
6/15/2022,0,0,0,0.74,0.74,85,71
6/16/2022,0,0.83,0,0,0.83,85,76
6/17/2022,0,1.21,0.83,0,2.04,79,74
6/18/2022,0,0.06,1.21,0.83,2.1,65,58
6/19/2022,0,0,0.06,1.21,1.27,66,57
6/20/2022,0,0,0,0.06,0.06,74,61
6/21/2022,0,0.06,0,0,0.06,81,64
6/22/2022,0,0,0.06,0,0.06,85,70
6/23/2022,0,0.01,0,0.06,0.07,76,68
6/24/2022,0,0,0.01,0,0.01,82,71
6/25/2022,0,0,0,0.01,0.01,87,71
6/26/2022,0,0,0,0,0,91,76
6/27/2022,0,0.66,0,0,0.66,74,71
6/28/2022,0,0,0.66,0,0.66,73,64
6/29/2022,0,0,0,0.66,0.66,77,65
6/30/2022,0,0,0,0,0,84,69
7/1/2022,0,0,0,0,0,89,78
7/2/2022,0,0.09,0,0,0.09,82,73
7/3/2022,0,0,0.09,0,0.09,76,69
7/4/2022,0,0,0,0.09,0.09,81,67
7/5/2022,0,0,0,0,0,73,68
7/6/2022,0,0.16,0,0,0.16,81,69
7/7/2022,0,0.12,0.16,0,0.28,85,71
7/8/2022,0,0,0.12,0.16,0.28,84,72
7/9/2022,0,0,0,0.12,0.12,78,70
7/10/2022,0,0,0,0,0,82,67
7/11/2022,0,0,0,0,0,93,74
7/12/2022,0,0,0,0,0,91,80
7/13/2022,0,0,0,0,0,84,73
7/14/2022,0,0,0,0,0,80,71
7/15/2022,0,0,0,0,0,85,70
7/16/2022,0,0,0,0,0,89,73
7/17/2022,0,0,0,0,0,89,76
7/18/2022,0,0.28,0,0,0.28,84,77
7/19/2022,0,0.36,0.28,0,0.64,91,78
7/20/2022,0,0,0.36,0.28,0.64,95,85
7/21/2022,0,0.01,0,0.36,0.37,90,85
7/22/2022,0,0,0.01,0,0.01,91,81
7/23/2022,0,0,0,0.01,0.01,95,82
7/24/2022,0,0.02,0,0,0.02,89,79
7/25/2022,0,0.73,0.02,0,0.75,80,76
7/26/2022,0,0,0.73,0.02,0.75,80,70
7/27/2022,0,0,0,0.73,0.73,84,71
7/28/2022,0,0,0,0,0,87,78
7/29/2022,0,0.05,0,0,0.05,84,75
7/30/2022,0,0,0.05,0,0.05,79,71
7/31/2022,0,0,0,0.05,0.05,83,71
8/1/2022,0,0,0,0,0,89,75
8/2/2022,0,0,0,0,0,82,78
8/3/2022,0,0,0,0,0,90,75
8/4/2022,0,0,0,0,0,89,81
8/5/2022,0,0.37,0,0,0.37,89,78
8/6/2022,0,0,0.37,0,0.37,93,81
8/7/2022,0,0.08,0,0.37,0.45,93,84
8/8/2022,0,0,0.08,0,0.08,94,83
8/9/2022,0,0.62,0,0.08,0.7,79,75
8/10/2022,0,0.03,0.62,0,0.65,78,70
8/11/2022,0,0,0.03,0.62,0.65,81,71
8/12/2022,0,0,0,0.03,0.03,76,67
8/13/2022,0,0,0,0,0,79,66
8/14/2022,0,0,0,0,0,82,67
8/15/2022,0,0,0,0,0,85,70
8/16/2022,0,0.04,0,0,0.04,83,72
8/17/2022,0,0.25,0.04,0,0.29,82,70
8/18/2022,0,0.02,0.25,0.04,0.31,86,70
8/19/2022,0,0,0.02,0.25,0.27,87,74
8/20/2022,0,0,0,0.02,0.02,90,74
8/21/2022,0,0.13,0,0,0.13,84,72
8/22/2022,0,1.65,0.13,0,1.78,80,70
8/23/2022,0,0.85,1.65,0.13,2.63,76,70
8/24/2022,0,0.33,0.85,1.65,2.83,85,74
8/25/2022,0,0,0.33,0.85,1.18,84,73
8/26/2022,0,0.04,0,0.33,0.37,83,73
8/27/2022,0,0.07,0.04,0,0.11,79,71
8/28/2022,0,0,0.07,0.04,0.11,86,70
8/29/2022,0,0,0,0.07,0.07,94,82
8/30/2022,0,0,0,0,0,84,78
8/31/2022,0,0.76,0,0,0.76,81,71
9/1/2022,0,0.1,0.76,0,0.86,70,66
9/2/2022,0,0,0.1,0.76,0.86,82,64
9/3/2022,0,0,0,0.1,0.1,83,70
9/4/2022,0,0,0,0,0,80,72
9/5/2022,0,0.17,0,0,0.17,70,66
9/6/2022,0,0.1,0.17,0,0.27,72,68
9/7/2022,0,0.05,0.1,0.17,0.32,74,67
9/8/2022,0,0,0.05,0.1,0.15,81,71
9/9/2022,0,0,0,0.05,0.05,83,69
9/10/2022,0,0,0,0,0,84,70
9/11/2022,0,0,0,0,0,73,69
9/12/2022,0,0.07,0,0,0.07,80,70
9/13/2022,0,0.12,0.07,0,0.19,71,67
9/14/2022,0,0.08,0.12,0.07,0.27,78,67
9/15/2022,0,0.01,0.08,0.12,0.21,65,59
9/16/2022,0,0,0.01,0.08,0.09,62,53
9/17/2022,0,0,0,0.01,0.01,77,64
9/18/2022,0,0,0,0,0,86,72
9/19/2022,0,0.04,0,0,0.04,75,71
9/20/2022,0,2,0.04,0,2.04,72,66
9/21/2022,0,0.1,2,0.04,2.14,83,67
