Date,Max_Temp,Min_Temp,Avg_Temp,Precip
11/1/2016,60,28,44,0
11/2/2016,61,45,53,0.19
11/3/2016,56,47,51.5,0.65
11/4/2016,49,37,43,0.02
11/5/2016,58,44,51,0
11/6/2016,51,32,41.5,0
11/7/2016,58,28,43,0
11/8/2016,66,29,47.5,T
11/9/2016,51,30,40.5,0.16
11/10/2016,57,29,43,0
11/11/2016,54,36,45,T
11/12/2016,44,30,37,0
11/13/2016,56,29,42.5,0
11/14/2016,58,25,41.5,0
11/15/2016,54,34,44,T
11/16/2016,55,42,48.5,T
11/17/2016,53,36,44.5,T
11/18/2016,63,30,46.5,0
11/19/2016,70,34,52,0.18
11/20/2016,36,27,31.5,0.57
11/21/2016,30,26,28,0.39
11/22/2016,33,29,31,0.02
11/23/2016,33,28,30.5,T
11/24/2016,35,30,32.5,0.06
11/25/2016,43,33,38,0.01
11/26/2016,40,34,37,0.25
11/27/2016,39,32,35.5,0.23
11/28/2016,47,29,38,0
11/29/2016,56,37,46.5,0.03
11/30/2016,55,34,44.5,0.02
12/1/2016,54,38,46,0.44
12/2/2016,44,33,38.5,0.09
12/3/2016,37,34,35.5,0.02
12/4/2016,38,27,32.5,0
12/5/2016,40,30,35,0.08
12/6/2016,42,26,34,0.29
12/7/2016,42,29,35.5,0.07
12/8/2016,36,29,32.5,0.01
12/9/2016,30,22,26,0.09
12/10/2016,26,15,20.5,0.04
12/11/2016,29,14,21.5,0.03
12/12/2016,37,27,32,0.37
12/13/2016,35,28,31.5,T
12/14/2016,33,20,26.5,0.01
12/15/2016,21,9,15,0.14
12/16/2016,22,-2,10,T
12/17/2016,33,18,25.5,0.31
12/18/2016,36,15,25.5,0.71
12/19/2016,23,10,16.5,T
12/20/2016,34,4,19,0
12/21/2016,35,26,30.5,0
12/22/2016,36,28,32,0.1
12/23/2016,40,30,35,T
12/24/2016,42,34,38,T
12/25/2016,36,22,29,0.01
12/26/2016,50,22,36,0.05
12/27/2016,50,30,40,0.07
12/28/2016,32,28,30,0.01
12/29/2016,37,27,32,0.1
12/30/2016,32,26,29,0.19
12/31/2016,39,15,27,0.01
1/1/2017,39,22,30.5,T
1/2/2017,34,19,26.5,0.01
1/3/2017,38,34,36,0.58
1/4/2017,40,20,30,0.04
1/5/2017,25,19,22,0.05
1/6/2017,20,7,13.5,0
1/7/2017,22,9,15.5,T
1/8/2017,18,7,12.5,0.1
1/9/2017,22,7,14.5,T
1/10/2017,34,10,22,0.23
1/11/2017,49,34,41.5,T
1/12/2017,54,35,44.5,0.27
1/13/2017,35,19,27,T
1/14/2017,26,13,19.5,0
1/15/2017,33,19,26,T
1/16/2017,41,17,29,0
1/17/2017,37,23,30,0.91
1/18/2017,38,34,36,0.16
1/19/2017,37,34,35.5,T
1/20/2017,43,34,38.5,0.01
1/21/2017,52,37,44.5,T
1/22/2017,51,32,41.5,0
1/23/2017,42,31,36.5,0.06
1/24/2017,32,29,30.5,0.47
1/25/2017,38,28,33,0.01
1/26/2017,45,33,39,0.07
1/27/2017,36,31,33.5,0.01
1/28/2017,34,29,31.5,T
1/29/2017,32,23,27.5,T
1/30/2017,24,12,18,T
1/31/2017,24,11,17.5,0.05
2/1/2017,36,23,29.5,0.08
2/2/2017,29,20,24.5,0.1
2/3/2017,23,17,20,T
2/4/2017,27,15,21,0.11
2/5/2017,33,17,25,0.01
2/6/2017,30,22,26,0.01
2/7/2017,48,27,37.5,0.61
2/8/2017,52,26,39,0.04
2/9/2017,26,11,18.5,0.16
2/10/2017,26,15,20.5,0.09
2/11/2017,37,25,31,T
2/12/2017,34,27,30.5,0.57
2/13/2017,32,24,28,0.25
2/14/2017,40,23,31.5,T
2/15/2017,38,26,32,0.25
2/16/2017,26,21,23.5,0.01
2/17/2017,30,18,24,0.01
2/18/2017,57,18,37.5,0
2/19/2017,52,34,43,0
2/20/2017,37,23,30,0
2/21/2017,47,21,34,0.03
2/22/2017,60,34,47,0
2/23/2017,69,42,55.5,0
2/24/2017,71,38,54.5,0.74
2/25/2017,68,31,49.5,0.48
2/26/2017,34,27,30.5,T
2/27/2017,52,32,42,0
2/28/2017,59,32,45.5,T
3/1/2017,68,45,56.5,0.05
3/2/2017,45,19,32,T
3/3/2017,29,15,22,T
3/4/2017,16,7,11.5,0.01
3/5/2017,27,2,14.5,0
3/6/2017,49,18,33.5,0.01
3/7/2017,55,37,46,0.43
3/8/2017,55,34,44.5,0.2
3/9/2017,40,30,35,T
3/10/2017,31,11,21,T
3/11/2017,17,8,12.5,0.02
3/12/2017,19,8,13.5,0.03
3/13/2017,21,6,13.5,0
3/14/2017,22,15,18.5,0.96
3/15/2017,25,15,20,0.2
3/16/2017,30,19,24.5,T
3/17/2017,38,19,28.5,0
3/18/2017,35,15,25,0.11
3/19/2017,42,25,33.5,T
3/20/2017,39,20,29.5,0
3/21/2017,46,33,39.5,T
3/22/2017,34,15,24.5,0.02
3/23/2017,34,10,22,0
3/24/2017,47,30,38.5,0.13
3/25/2017,39,34,36.5,0.36
3/26/2017,43,33,38,0.04
3/27/2017,53,37,45,0.17
3/28/2017,52,39,45.5,T
3/29/2017,47,28,37.5,0
3/30/2017,47,25,36,0.3
3/31/2017,38,32,35,0.81
4/1/2017,40,32,36,0.02
4/2/2017,56,31,43.5,0
4/3/2017,62,33,47.5,0.15
4/4/2017,58,46,52,1.45
4/5/2017,47,40,43.5,0
4/6/2017,50,39,44.5,0.91
4/7/2017,39,32,35.5,0.27
4/8/2017,46,31,38.5,0
4/9/2017,69,29,49,0
4/10/2017,81,56,68.5,0
4/11/2017,75,49,62,0.15
4/12/2017,58,40,49,0
4/13/2017,52,36,44,0
4/14/2017,62,29,45.5,0
4/15/2017,71,36,53.5,0.09
4/16/2017,81,57,69,0.12
4/17/2017,57,38,47.5,T
4/18/2017,57,31,44,0
4/19/2017,56,44,50,0.5
4/20/2017,59,48,53.5,0.75
4/21/2017,59,48,53.5,0.2
4/22/2017,50,37,43.5,0
4/23/2017,66,32,49,0
4/24/2017,70,37,53.5,0
4/25/2017,58,47,52.5,0.19
4/26/2017,73,50,61.5,0
4/27/2017,82,55,68.5,0.04
4/28/2017,73,53,63,0.1
4/29/2017,65,44,54.5,0
4/30/2017,63,39,51,0.01
5/1/2017,77,50,63.5,0.78
5/2/2017,62,48,55,0.1
5/3/2017,53,39,46,T
5/4/2017,59,33,46,0.08
5/5/2017,53,44,48.5,1.2
5/6/2017,56,44,50,0.64
5/7/2017,44,38,41,0.14
5/8/2017,47,33,40,T
5/9/2017,51,34,42.5,0
5/10/2017,54,30,42,0
5/11/2017,64,35,49.5,0
5/12/2017,67,40,53.5,T
5/13/2017,55,47,51,0.17
5/14/2017,63,41,52,0.05
5/15/2017,63,47,55,T
5/16/2017,70,45,57.5,0
5/17/2017,88,55,71.5,0
5/18/2017,88,63,75.5,0.12
5/19/2017,68,49,58.5,T
5/20/2017,70,43,56.5,0
5/21/2017,70,49,59.5,0.39
5/22/2017,69,49,59,0.23
5/23/2017,74,44,59,0
5/24/2017,76,50,63,0
5/25/2017,63,54,58.5,0.39
5/26/2017,62,53,57.5,0.18
5/27/2017,68,52,60,0.14
5/28/2017,76,48,62,0
5/29/2017,72,55,63.5,0.66
5/30/2017,72,56,64,0.81
5/31/2017,75,58,66.5,0.38
6/1/2017,67,49,58,0
6/2/2017,64,46,55,0
6/3/2017,66,47,56.5,T
6/4/2017,59,45,52,0.73
6/5/2017,73,55,64,0.32
6/6/2017,56,50,53,0.67
6/7/2017,70,45,57.5,0
6/8/2017,79,47,63,0
6/9/2017,77,52,64.5,0.04
6/10/2017,83,61,72,T
6/11/2017,88,65,76.5,0
6/12/2017,90,70,80,0
6/13/2017,82,60,71,0.13
6/14/2017,77,54,65.5,0
6/15/2017,78,53,65.5,0.23
6/16/2017,79,63,71,T
6/17/2017,86,61,73.5,0
6/18/2017,90,69,79.5,0.68
6/19/2017,74,64,69,0.16
6/20/2017,76,58,67,0.06
6/21/2017,74,56,65,0.06
6/22/2017,77,53,65,T
6/23/2017,79,69,74,0.22
6/24/2017,78,62,70,0.14
6/25/2017,74,56,65,0.11
6/26/2017,71,51,61,0.35
6/27/2017,67,53,60,0.16
6/28/2017,75,50,62.5,0
6/29/2017,76,60,68,0.07
6/30/2017,79,66,72.5,0.56
7/1/2017,79,65,72,1.28
7/2/2017,82,61,71.5,0
7/3/2017,76,59,67.5,0
7/4/2017,79,56,67.5,0
7/5/2017,84,53,68.5,0
7/6/2017,80,69,74.5,T
7/7/2017,84,69,76.5,0
7/8/2017,75,61,68,0.71
7/9/2017,80,57,68.5,0
7/10/2017,80,63,71.5,0.13
7/11/2017,83,65,74,0.21
7/12/2017,85,65,75,T
7/13/2017,73,62,67.5,0.59
7/14/2017,83,65,74,0.07
7/15/2017,76,63,69.5,T
7/16/2017,82,63,72.5,T
7/17/2017,81,62,71.5,0.06
7/18/2017,84,60,72,0
7/19/2017,86,61,73.5,0
7/20/2017,82,67,74.5,0.03
7/21/2017,84,66,75,0
7/22/2017,78,64,71,T
7/23/2017,75,62,68.5,T
7/24/2017,74,60,67,0.61
7/25/2017,66,60,63,0.03
7/26/2017,74,62,68,T
7/27/2017,75,63,69,0.47
7/28/2017,75,55,65,0
7/29/2017,77,52,64.5,0
7/30/2017,81,51,66,0
7/31/2017,83,62,72.5,0
8/1/2017,85,62,73.5,0
8/2/2017,86,64,75,0
8/3/2017,86,66,76,0.55
8/4/2017,86,65,75.5,0.22
8/5/2017,72,57,64.5,0.08
8/6/2017,76,55,65.5,T
8/7/2017,77,57,67,T
8/8/2017,76,58,67,T
8/9/2017,81,57,69,0
8/10/2017,81,59,70,0
8/11/2017,78,61,69.5,0
8/12/2017,83,66,74.5,0.03
8/13/2017,79,57,68,0
8/14/2017,82,55,68.5,0
8/15/2017,84,63,73.5,T
8/16/2017,78,54,66,0
8/17/2017,80,50,65,T
8/18/2017,88,68,78,0.1
8/19/2017,81,66,73.5,T
8/20/2017,81,62,71.5,0.03
8/21/2017,87,60,73.5,0
8/22/2017,89,65,77,0.78
8/23/2017,75,60,67.5,0.01
8/24/2017,70,56,63,T
8/25/2017,71,52,61.5,0
8/26/2017,72,47,59.5,0
8/27/2017,74,46,60,0
8/28/2017,72,50,61,0
8/29/2017,71,51,61,0
8/30/2017,75,46,60.5,0
8/31/2017,69,47,58,T
9/1/2017,63,42,52.5,0
9/2/2017,73,40,56.5,T
9/3/2017,67,51,59,0.35
9/4/2017,80,57,68.5,T
9/5/2017,73,53,63,0.64
9/6/2017,67,53,60,0.13
9/7/2017,69,54,61.5,0.05
9/8/2017,66,52,59,0.01
9/9/2017,63,45,54,0
9/10/2017,66,43,54.5,0
9/11/2017,73,44,58.5,0
9/12/2017,78,46,62,0
9/13/2017,82,48,65,0.04
9/14/2017,73,61,67,T
9/15/2017,80,56,68,0
9/16/2017,82,57,69.5,0
9/17/2017,84,56,70,0
9/18/2017,86,60,73,0
9/19/2017,80,61,70.5,0
9/20/2017,82,55,68.5,0
9/21/2017,82,59,70.5,0
9/22/2017,82,53,67.5,0
9/23/2017,85,54,69.5,0
9/24/2017,89,59,74,0
9/25/2017,90,61,75.5,0
9/26/2017,91,62,76.5,0
9/27/2017,91,62,76.5,0.02
9/28/2017,65,53,59,0
9/29/2017,63,49,56,0.09
9/30/2017,57,41,49,0.05
10/1/2017,64,37,50.5,0
10/2/2017,69,37,53,0
10/3/2017,76,41,58.5,0
10/4/2017,84,51,67.5,0.22
10/5/2017,72,53,62.5,0
10/6/2017,67,54,60.5,0.06
10/7/2017,81,60,70.5,0.05
10/8/2017,78,59,68.5,0.14
10/9/2017,76,59,67.5,0.8
10/10/2017,74,56,65,0
10/11/2017,61,48,54.5,0.4
10/12/2017,62,47,54.5,0.04
10/13/2017,63,47,55,0
10/14/2017,70,56,63,0
10/15/2017,80,51,65.5,0.11
10/16/2017,51,38,44.5,0.06
10/17/2017,61,32,46.5,0
10/18/2017,71,48,59.5,0
10/19/2017,72,46,59,0
10/20/2017,67,45,56,0
10/21/2017,74,39,56.5,0
10/22/2017,77,42,59.5,0
10/23/2017,73,57,65,0
10/24/2017,71,54,62.5,0.58
10/25/2017,59,43,51,T
10/26/2017,53,44,48.5,0.02
10/27/2017,63,38,50.5,T
10/28/2017,71,47,59,0.1
10/29/2017,47,42,44.5,1.9
10/30/2017,52,42,47,1.5
10/31/2017,44,37,40.5,0.11
11/1/2017,47,31,39,0.47
11/2/2017,64,43,53.5,0.68
11/3/2017,64,36,50,0.14
11/4/2017,46,32,39,T
11/5/2017,60,43,51.5,0.89
11/6/2017,61,40,50.5,0.09
11/7/2017,40,27,33.5,0
11/8/2017,47,23,35,0
11/9/2017,48,25,36.5,0.07
11/10/2017,34,21,27.5,0.01
11/11/2017,31,16,23.5,T
11/12/2017,42,20,31,T
11/13/2017,41,31,36,0.05
11/14/2017,41,29,35,0
11/15/2017,46,26,36,T
11/16/2017,49,35,42,0.1
11/17/2017,37,24,30.5,T
11/18/2017,49,24,36.5,0.36
11/19/2017,51,30,40.5,0.39
11/20/2017,35,26,30.5,0.13
11/21/2017,52,28,40,0
11/22/2017,49,29,39,0.08
11/23/2017,37,25,31,T
11/24/2017,52,36,44,0
11/25/2017,51,40,45.5,0.02
11/26/2017,41,32,36.5,0.08
11/27/2017,40,22,31,T
11/28/2017,57,20,38.5,0
11/29/2017,54,26,40,T
11/30/2017,50,24,37,0.09
12/1/2017,42,28,35,0.01
12/2/2017,41,27,34,0
12/3/2017,48,28,38,0
12/4/2017,52,29,40.5,0
12/5/2017,54,39,46.5,0.23
12/6/2017,39,33,36,T
12/7/2017,36,28,32,T
12/8/2017,34,26,30,T
12/9/2017,33,22,27.5,0
12/10/2017,34,23,28.5,T
12/11/2017,30,23,26.5,0.05
12/12/2017,33,14,23.5,0.35
12/13/2017,18,13,15.5,0.19
12/14/2017,20,8,14,0.03
12/15/2017,25,6,15.5,T
12/16/2017,26,8,17,0.05
12/17/2017,23,3,13,T
12/18/2017,40,21,30.5,0.04
12/19/2017,49,37,43,0.02
12/20/2017,39,27,33,0.06
12/21/2017,28,16,22,T
12/22/2017,27,21,24,0.4
12/23/2017,33,27,30,0.59
12/24/2017,32,26,29,0.05
12/25/2017,35,19,27,0.02
12/26/2017,19,7,13,0
12/27/2017,14,2,8,0.12
12/28/2017,9,-8,0.5,0.02
12/29/2017,12,0,6,0.01
12/30/2017,19,0,9.5,0.08
12/31/2017,6,-6,0,0.02
1/1/2018,14,-15,-0.5,0.06
1/2/2018,21,3,12,0.02
1/3/2018,24,5,14.5,T
1/4/2018,20,9,14.5,0.09
1/5/2018,9,1,5,0.08
1/6/2018,4,0,2,0.09
1/7/2018,26,-11,7.5,T
1/8/2018,37,24,30.5,0.04
1/9/2018,36,28,32,0.01
1/10/2018,41,23,32,T
1/11/2018,54,40,47,0.08
1/12/2018,62,17,39.5,1.55
1/13/2018,17,0,8.5,0.54
1/14/2018,11,-13,-1,0
1/15/2018,17,-6,5.5,0.04
1/16/2018,28,16,22,0.13
1/17/2018,24,4,14,0.01
1/18/2018,21,-5,8,0
1/19/2018,38,14,26,0
1/20/2018,43,27,35,0
1/21/2018,41,25,33,T
1/22/2018,46,33,39.5,0.05
1/23/2018,52,32,42,0.01
1/24/2018,32,17,24.5,0.03
1/25/2018,22,7,14.5,0
1/26/2018,38,9,23.5,0
1/27/2018,50,21,35.5,0.16
1/28/2018,46,25,35.5,0
1/29/2018,M,23,M,0
1/30/2018,31,14,22.5,0.08
1/31/2018,32,8,20,0.06
2/1/2018,46,22,34,0.03
2/2/2018,23,9,16,0.14
2/3/2018,30,9,19.5,0.03
2/4/2018,34,30,32,0.15
2/5/2018,33,10,21.5,T
2/6/2018,26,9,17.5,0.06
2/7/2018,24,10,17,0.56
2/8/2018,23,13,18,0.06
2/9/2018,24,12,18,0.16
2/10/2018,37,24,30.5,0.06
2/11/2018,41,24,32.5,0.14
2/12/2018,34,21,27.5,T
2/13/2018,28,15,21.5,T
2/14/2018,46,24,35,0
2/15/2018,54,25,39.5,0.02
2/16/2018,44,23,33.5,0.11
2/17/2018,35,19,27,T
2/18/2018,39,26,32.5,0.05
2/19/2018,48,27,37.5,0.43
2/20/2018,69,45,57,0.21
2/21/2018,75,33,54,0.03
2/22/2018,35,31,33,0.22
2/23/2018,47,29,38,0.09
2/24/2018,44,29,36.5,T
2/25/2018,51,33,42,0.37
2/26/2018,48,31,39.5,0
2/27/2018,56,26,41,0
2/28/2018,64,38,51,0.02
3/1/2018,48,33,40.5,0.12
3/2/2018,35,28,31.5,1.45
3/3/2018,34,28,31,0.01
3/4/2018,33,28,30.5,T
3/5/2018,34,26,30,T
3/6/2018,42,28,35,0.12
3/7/2018,34,31,32.5,0.02
3/8/2018,33,25,29,0.01
3/9/2018,35,25,30,0.27
3/10/2018,33,26,29.5,0.07
3/11/2018,30,20,25,T
3/12/2018,34,16,25,0.14
3/13/2018,32,27,29.5,0.2
3/14/2018,30,27,28.5,0.38
3/15/2018,36,23,29.5,T
3/16/2018,31,22,26.5,0.02
3/17/2018,35,16,25.5,T
3/18/2018,33,9,21,0
3/19/2018,29,14,21.5,0
3/20/2018,37,8,22.5,0
3/21/2018,38,16,27,0
3/22/2018,37,26,31.5,0
3/23/2018,37,26,31.5,T
3/24/2018,31,20,25.5,0
3/25/2018,41,18,29.5,0
3/26/2018,44,23,33.5,0
3/27/2018,44,30,37,0.21
3/28/2018,44,34,39,0.11
3/29/2018,52,39,45.5,0.41
3/30/2018,52,32,42,0.32
3/31/2018,54,26,40,T
4/1/2018,52,27,39.5,0.09
4/2/2018,45,26,35.5,0
4/3/2018,44,31,37.5,0.11
4/4/2018,55,26,40.5,0.16
4/5/2018,35,23,29,0.01
4/6/2018,47,21,34,0.09
4/7/2018,34,24,29,T
4/8/2018,35,23,29,T
4/9/2018,39,19,29,0
4/10/2018,39,28,33.5,0.05
4/11/2018,49,24,36.5,0.02
4/12/2018,58,27,42.5,0.15
4/13/2018,53,40,46.5,T
4/14/2018,42,33,37.5,0.01
4/15/2018,35,26,30.5,0.1
4/16/2018,44,34,39,0.72
4/17/2018,40,29,34.5,0.05
4/18/2018,41,32,36.5,0.01
4/19/2018,38,30,34,0.08
4/20/2018,43,30,36.5,T
4/21/2018,54,29,41.5,0
4/22/2018,60,28,44,0
4/23/2018,70,29,49.5,0
4/24/2018,72,46,59,T
4/25/2018,56,48,52,0.15
4/26/2018,56,38,47,0.01
4/27/2018,62,33,47.5,0
4/28/2018,59,39,49,0.48
4/29/2018,42,34,38,0.17
4/30/2018,61,35,48,0.02
5/1/2018,77,32,54.5,0
5/2/2018,88,49,68.5,0.03
5/3/2018,82,60,71,0.06
5/4/2018,84,50,67,0.24
5/5/2018,75,43,59,0
5/6/2018,70,56,63,T
5/7/2018,65,42,53.5,0.01
5/8/2018,76,38,57,0
5/9/2018,82,49,65.5,0
5/10/2018,76,51,63.5,0.06
5/11/2018,53,44,48.5,0
5/12/2018,53,41,47,0.01
5/13/2018,71,38,54.5,0
5/14/2018,76,48,62,0
5/15/2018,72,53,62.5,0.38
5/16/2018,76,51,63.5,0
5/17/2018,78,54,66,0
5/18/2018,71,47,59,0
5/19/2018,64,48,56,0.44
5/20/2018,66,50,58,0.14
5/21/2018,75,44,59.5,0
5/22/2018,68,55,61.5,0.49
5/23/2018,76,55,65.5,0
5/24/2018,79,47,63,0
5/25/2018,84,57,70.5,0
5/26/2018,83,58,70.5,0
5/27/2018,71,58,64.5,0.04
5/28/2018,84,56,70,0
5/29/2018,86,59,72.5,0
5/30/2018,90,60,75,0
5/31/2018,81,66,73.5,T
6/1/2018,86,66,76,1.33
6/2/2018,73,58,65.5,0
6/3/2018,70,55,62.5,0.37
6/4/2018,70,52,61,0.18
6/5/2018,63,52,57.5,0.03
6/6/2018,64,48,56,T
6/7/2018,72,48,60,T
6/8/2018,76,53,64.5,0
6/9/2018,76,50,63,0
6/10/2018,78,54,66,0
6/11/2018,77,50,63.5,0
6/12/2018,81,49,65,0
6/13/2018,82,63,72.5,0.15
6/14/2018,66,53,59.5,0
6/15/2018,75,52,63.5,0
6/16/2018,82,48,65,0
6/17/2018,90,55,72.5,0
6/18/2018,94,70,82,0.33
6/19/2018,73,57,65,0
6/20/2018,76,51,63.5,0
6/21/2018,74,52,63,0
6/22/2018,79,46,62.5,0.04
6/23/2018,69,58,63.5,T
6/24/2018,72,58,65,0.06
6/25/2018,72,50,61,T
6/26/2018,80,46,63,0
6/27/2018,68,62,65,1.06
6/28/2018,78,63,70.5,T
6/29/2018,85,64,74.5,0
6/30/2018,92,60,76,0
7/1/2018,94,72,83,0
7/2/2018,95,73,84,0.13
7/3/2018,87,68,77.5,0
7/4/2018,94,62,78,0
7/5/2018,91,71,81,1.01
7/6/2018,77,56,66.5,0
7/7/2018,79,50,64.5,0
7/8/2018,84,54,69,0
7/9/2018,88,57,72.5,0
7/10/2018,85,64,74.5,0
7/11/2018,80,59,69.5,0
7/12/2018,84,55,69.5,0
7/13/2018,87,57,72,0
7/14/2018,88,73,80.5,0.03
7/15/2018,90,69,79.5,T
7/16/2018,95,66,80.5,0.11
7/17/2018,83,67,75,0.32
7/18/2018,74,57,65.5,0
7/19/2018,81,51,66,0
7/20/2018,87,55,71,0
7/21/2018,85,61,73,0
7/22/2018,88,62,75,0.2
7/23/2018,89,69,79,0.28
7/24/2018,78,72,75,0.64
7/25/2018,75,69,72,1.33
7/26/2018,84,66,75,0.18
7/27/2018,83,65,74,0.02
7/28/2018,81,62,71.5,T
7/29/2018,79,63,71,0
7/30/2018,81,58,69.5,T
7/31/2018,80,61,70.5,0
8/1/2018,84,72,78,0.28
8/2/2018,81,68,74.5,T
8/3/2018,79,69,74,0.01
8/4/2018,87,63,75,0
8/5/2018,89,63,76,0
8/6/2018,91,68,79.5,0.52
8/7/2018,80,66,73,T
8/8/2018,81,65,73,0.67
8/9/2018,81,65,73,0.03
8/10/2018,80,62,71,T
8/11/2018,79,58,68.5,0
8/12/2018,83,62,72.5,0
8/13/2018,77,65,71,0.01
8/14/2018,73,65,69,0.3
8/15/2018,87,66,76.5,0
8/16/2018,86,70,78,T
8/17/2018,85,68,76.5,0.61
8/18/2018,74,61,67.5,0.01
8/19/2018,77,58,67.5,0
8/20/2018,78,60,69,0
8/21/2018,74,64,69,T
8/22/2018,75,61,68,0.22
8/23/2018,76,53,64.5,0
8/24/2018,81,58,69.5,0
8/25/2018,81,59,70,T
8/26/2018,82,68,75,0.01
8/27/2018,84,67,75.5,0
8/28/2018,91,74,82.5,0
8/29/2018,92,71,81.5,0.27
8/30/2018,75,57,66,0.02
8/31/2018,74,55,64.5,0
9/1/2018,81,66,73.5,0
9/2/2018,86,70,78,0.16
9/3/2018,91,69,80,0.19
9/4/2018,85,69,77,0
9/5/2018,92,66,79,0
9/6/2018,80,66,73,0
9/7/2018,76,59,67.5,0
9/8/2018,63,49,56,0
9/9/2018,59,46,52.5,0
9/10/2018,58,50,54,1.06
9/11/2018,70,55,62.5,0.06
9/12/2018,76,60,68,T
9/13/2018,82,62,72,0
9/14/2018,82,65,73.5,0
9/15/2018,85,65,75,0
9/16/2018,86,63,74.5,0
9/17/2018,80,62,71,0.24
9/18/2018,81,64,72.5,0.07
9/19/2018,72,52,62,0
9/20/2018,71,49,60,0
9/21/2018,79,65,72,0.05
9/22/2018,66,46,56,0
9/23/2018,67,41,54,0
9/24/2018,71,45,58,0
9/25/2018,69,50,59.5,0.85
9/26/2018,77,51,64,0.37
9/27/2018,62,47,54.5,T
9/28/2018,71,53,62,0.2
9/29/2018,65,46,55.5,T
9/30/2018,60,43,51.5,T
10/1/2018,56,53,54.5,0.03
10/2/2018,72,51,61.5,0.58
10/3/2018,60,52,56,T
10/4/2018,71,51,61,0.1
10/5/2018,60,38,49,0
10/6/2018,76,49,62.5,0.05
10/7/2018,67,54,60.5,0.14
10/8/2018,75,54,64.5,0
10/9/2018,84,70,77,0
10/10/2018,82,67,74.5,0.01
10/11/2018,73,55,64,0.35
10/12/2018,55,45,50,0.03
10/13/2018,48,42,45,0.22
10/14/2018,59,39,49,0
10/15/2018,63,41,52,0.05
10/16/2018,52,38,45,0
10/17/2018,52,39,45.5,0.13
10/18/2018,43,32,37.5,T
10/19/2018,63,35,49,0
10/20/2018,57,40,48.5,T
10/21/2018,41,34,37.5,T
10/22/2018,46,37,41.5,T
10/23/2018,55,33,44,0.58
10/24/2018,45,37,41,0.45
10/25/2018,39,32,35.5,0.06
10/26/2018,41,30,35.5,0
10/27/2018,39,36,37.5,0.94
10/28/2018,44,35,39.5,0.22
10/29/2018,46,39,42.5,0.16
10/30/2018,50,32,41,T
10/31/2018,61,31,46,0.09
11/1/2018,50,46,48,0.42
11/2/2018,55,45,50,0.11
11/3/2018,46,37,41.5,0.22
11/4/2018,46,37,41.5,T
11/5/2018,50,39,44.5,0.24
11/6/2018,61,43,52,0.36
11/7/2018,56,41,48.5,0
11/8/2018,46,36,41,0
11/9/2018,40,32,36,0.69
11/10/2018,41,31,36,0.04
11/11/2018,37,28,32.5,0.05
11/12/2018,46,27,36.5,0
11/13/2018,42,29,35.5,0.36
11/14/2018,29,20,24.5,0.1
11/15/2018,27,18,22.5,0.36
11/16/2018,35,23,29,1.31
11/17/2018,38,31,34.5,T
11/18/2018,33,28,30.5,0.1
11/19/2018,40,28,34,T
11/20/2018,35,27,31,0.03
11/21/2018,35,15,25,0.04
11/22/2018,16,5,10.5,T
11/23/2018,29,-1,14,0
11/24/2018,40,22,31,0.28
11/25/2018,42,32,37,0.06
11/26/2018,39,34,36.5,0.67
11/27/2018,36,31,33.5,0.5
11/28/2018,33,30,31.5,0.25
11/29/2018,34,32,33,0.13
11/30/2018,33,31,32,T
12/1/2018,36,31,33.5,0.3
12/2/2018,50,33,41.5,0.39
12/3/2018,47,30,38.5,0.15
12/4/2018,31,18,24.5,0.03
12/5/2018,30,14,22,T
12/6/2018,35,26,30.5,0.08
12/7/2018,31,18,24.5,0.01
12/8/2018,28,15,21.5,0.04
12/9/2018,31,19,25,T
12/10/2018,31,18,24.5,0
12/11/2018,31,22,26.5,0.01
12/12/2018,33,23,28,T
12/13/2018,34,22,28,0.01
12/14/2018,47,28,37.5,0
12/15/2018,44,28,36,0
12/16/2018,36,28,32,0.06
12/17/2018,37,25,31,0.09
12/18/2018,25,20,22.5,0.01
12/19/2018,41,17,29,0
12/20/2018,45,22,33.5,0.37
12/21/2018,65,37,51,0.59
12/22/2018,38,30,34,0.05
12/23/2018,30,25,27.5,T
12/24/2018,37,29,33,0.2
12/25/2018,31,19,25,T
12/26/2018,34,22,28,0.01
12/27/2018,40,14,27,0
12/28/2018,52,38,45,0.42
12/29/2018,50,21,35.5,T
12/30/2018,30,19,24.5,0.04
12/31/2018,45,20,32.5,0.41
1/1/2019,53,21,37,0.02
1/2/2019,31,18,24.5,T
1/3/2019,37,30,33.5,0.09
1/4/2019,49,25,37,0
1/5/2019,44,25,34.5,0
1/6/2019,37,16,26.5,0.16
1/7/2019,34,11,22.5,0.09
1/8/2019,43,31,37,0.37
1/9/2019,40,26,33,0.5
1/10/2019,27,14,20.5,0.1
1/11/2019,16,10,13,T
1/12/2019,22,8,15,T
1/13/2019,22,2,12,0
1/14/2019,22,1,11.5,T
1/15/2019,31,11,21,T
1/16/2019,35,14,24.5,0.01
1/17/2019,21,2,11.5,0
1/18/2019,34,21,27.5,0.05
1/19/2019,26,13,19.5,0.4
1/20/2019,19,-4,7.5,0.57
1/21/2019,8,-7,0.5,0.04
1/22/2019,25,-5,10,T
1/23/2019,45,24,34.5,0.3
1/24/2019,46,27,36.5,0.42
1/25/2019,29,15,22,0.03
1/26/2019,22,13,17.5,0
1/27/2019,31,13,22,0.02
1/28/2019,20,8,14,T
1/29/2019,29,18,23.5,0.07
1/30/2019,18,-2,8,0.01
1/31/2019,11,-2,4.5,0
2/1/2019,16,2,9,0
2/2/2019,33,-1,16,T
2/3/2019,49,28,38.5,T
2/4/2019,61,40,50.5,T
2/5/2019,52,24,38,0.02
2/6/2019,34,20,27,0.39
2/7/2019,48,32,40,0.13
2/8/2019,56,20,38,0.08
2/9/2019,26,15,20.5,T
2/10/2019,29,19,24,0.01
2/11/2019,31,20,25.5,T
2/12/2019,26,16,21,1.19
2/13/2019,31,23,27,0.2
2/14/2019,39,24,31.5,T
2/15/2019,49,28,38.5,0.02
2/16/2019,28,19,23.5,T
2/17/2019,28,9,18.5,0.01
2/18/2019,24,16,20,0.09
2/19/2019,22,7,14.5,T
2/20/2019,35,9,22,0.1
2/21/2019,39,34,36.5,0.01
2/22/2019,34,24,29,T
2/23/2019,37,19,28,T
2/24/2019,51,32,41.5,0.11
2/25/2019,32,19,25.5,0.01
2/26/2019,20,12,16,0.06
2/27/2019,13,5,9,0.42
2/28/2019,22,9,15.5,T
3/1/2019,39,9,24,0
3/2/2019,35,25,30,0.03
3/3/2019,30,21,25.5,0.06
3/4/2019,25,12,18.5,0.02
3/5/2019,19,11,15,0.01
3/6/2019,18,10,14,0.16
3/7/2019,21,9,15,0.01
3/8/2019,33,11,22,T
3/9/2019,37,7,22,0
3/10/2019,43,32,37.5,0.25
3/11/2019,37,29,33,T
3/12/2019,32,22,27,T
3/13/2019,46,16,31,T
3/14/2019,59,35,47,0
3/15/2019,59,40,49.5,0.05
3/16/2019,40,26,33,0.01
3/17/2019,33,23,28,0.03
3/18/2019,38,21,29.5,0.04
3/19/2019,43,24,33.5,T
3/20/2019,53,23,38,0
3/21/2019,51,37,44,0.4
3/22/2019,38,26,32,0.32
3/23/2019,33,23,28,0.04
3/24/2019,49,24,36.5,0
3/25/2019,38,25,31.5,T
3/26/2019,40,21,30.5,0
3/27/2019,51,21,36,0
3/28/2019,63,39,51,T
3/29/2019,56,38,47,T
3/30/2019,68,41,54.5,0.01
3/31/2019,54,28,41,0.16
4/1/2019,37,25,31,0.05
4/2/2019,53,22,37.5,0
4/3/2019,54,30,42,T
4/4/2019,43,29,36,0
4/5/2019,42,27,34.5,0.43
4/6/2019,59,39,49,0
4/7/2019,65,38,51.5,0
4/8/2019,69,48,58.5,0.55
4/9/2019,67,37,52,0.03
4/10/2019,45,31,38,T
4/11/2019,44,27,35.5,0.01
4/12/2019,73,43,58,0.04
4/13/2019,70,46,58,0
4/14/2019,58,42,50,0.43
4/15/2019,55,39,47,0.17
4/16/2019,53,34,43.5,0
4/17/2019,62,32,47,0
4/18/2019,71,52,61.5,0.01
4/19/2019,74,49,61.5,0.76
4/20/2019,75,46,60.5,0.01
4/21/2019,56,46,51,0
4/22/2019,62,48,55,0
4/23/2019,78,44,61,0.15
4/24/2019,50,39,44.5,T
4/25/2019,65,36,50.5,0
4/26/2019,65,48,56.5,0.72
4/27/2019,48,34,41,0.02
4/28/2019,48,36,42,0.03
4/29/2019,51,30,40.5,0.03
4/30/2019,57,43,50,0.01
5/1/2019,66,44,55,0.41
5/2/2019,60,47,53.5,0.01
5/3/2019,68,47,57.5,0.15
5/4/2019,59,47,53,T
5/5/2019,65,44,54.5,0.19
5/6/2019,73,55,64,0.13
5/7/2019,61,42,51.5,0.24
5/8/2019,62,39,50.5,0
5/9/2019,70,42,56,T
5/10/2019,75,47,61,0.99
5/11/2019,59,45,52,0
5/12/2019,50,42,46,0.36
5/13/2019,49,42,45.5,1.37
5/14/2019,50,41,45.5,0.27
5/15/2019,67,39,53,0.01
5/16/2019,66,48,57,0.06
5/17/2019,69,46,57.5,0.07
5/18/2019,68,40,54,0
5/19/2019,89,53,71,1.4
5/20/2019,75,49,62,0.08
5/21/2019,64,45,54.5,0
5/22/2019,71,41,56,T
5/23/2019,79,56,67.5,0.24
5/24/2019,65,48,56.5,0
5/25/2019,76,47,61.5,0.32
5/26/2019,80,57,68.5,0
5/27/2019,76,50,63,0
5/28/2019,63,52,57.5,0.2
5/29/2019,64,52,58,T
5/30/2019,73,52,62.5,T
5/31/2019,71,52,61.5,0
6/1/2019,80,52,66,0.2
6/2/2019,68,52,60,0.16
6/3/2019,61,44,52.5,0
6/4/2019,66,45,55.5,0.08
6/5/2019,73,54,63.5,0.83
6/6/2019,74,54,64,0
6/7/2019,78,49,63.5,0
6/8/2019,83,51,67,0
6/9/2019,85,53,69,0
6/10/2019,75,59,67,0.96
6/11/2019,70,53,61.5,0.01
6/12/2019,77,48,62.5,0
6/13/2019,66,56,61,0.35
6/14/2019,72,54,63,0.12
6/15/2019,78,60,69,0.21
6/16/2019,66,53,59.5,0.37
6/17/2019,77,48,62.5,0
6/18/2019,81,59,70,0
6/19/2019,85,59,72,0.02
6/20/2019,76,63,69.5,0.81
6/21/2019,75,57,66,0.17
6/22/2019,75,55,65,0
6/23/2019,79,56,67.5,0
6/24/2019,80,54,67,0
6/25/2019,84,65,74.5,0.09
6/26/2019,87,59,73,0
6/27/2019,85,61,73,0
6/28/2019,90,60,75,0
6/29/2019,84,66,75,0.01
6/30/2019,73,59,66,T
7/1/2019,81,54,67.5,0
7/2/2019,81,63,72,0.01
7/3/2019,89,62,75.5,0
7/4/2019,91,64,77.5,0
7/5/2019,93,75,84,0.02
7/6/2019,85,68,76.5,0.01
7/7/2019,83,60,71.5,0
7/8/2019,83,54,68.5,0
7/9/2019,87,56,71.5,0
7/10/2019,92,59,75.5,0
7/11/2019,86,72,79,0.06
7/12/2019,77,65,71,T
7/13/2019,87,65,76,0
7/14/2019,81,64,72.5,0
7/15/2019,84,59,71.5,0
7/16/2019,95,63,79,0.05
7/17/2019,78,66,72,1.17
7/18/2019,88,65,76.5,0
7/19/2019,92,70,81,0.01
7/20/2019,93,78,85.5,0
7/21/2019,86,69,77.5,0
7/22/2019,70,64,67,0.76
7/23/2019,82,61,71.5,T
7/24/2019,82,58,70,0
7/25/2019,82,58,70,0
7/26/2019,86,61,73.5,T
7/27/2019,89,62,75.5,0
7/28/2019,87,72,79.5,T
7/29/2019,91,69,80,1.1
7/30/2019,90,67,78.5,0.21
7/31/2019,82,63,72.5,0
8/1/2019,83,61,72,0
8/2/2019,84,55,69.5,0
8/3/2019,85,63,74,0
8/4/2019,80,59,69.5,0
8/5/2019,84,52,68,0
8/6/2019,89,61,75,0.13
8/7/2019,80,65,72.5,0.46
8/8/2019,85,66,75.5,0.33
8/9/2019,79,59,69,0.19
8/10/2019,74,60,67,0.01
8/11/2019,79,57,68,0
8/12/2019,84,58,71,0.04
8/13/2019,83,65,74,0.35
8/14/2019,82,60,71,0
8/15/2019,81,57,69,0.01
8/16/2019,82,64,73,0.29
8/17/2019,83,63,73,0.68
8/18/2019,87,60,73.5,1.08
8/19/2019,85,65,75,T
8/20/2019,84,62,73,0
8/21/2019,83,68,75.5,0.55
8/22/2019,76,60,68,0
8/23/2019,75,56,65.5,0
8/24/2019,72,51,61.5,0
8/25/2019,77,52,64.5,0
8/26/2019,77,52,64.5,0
8/27/2019,76,58,67,T
8/28/2019,72,60,66,1.08
8/29/2019,76,57,66.5,0
8/30/2019,78,57,67.5,0
8/31/2019,73,53,63,0
9/1/2019,72,52,62,1
9/2/2019,75,59,67,0.51
9/3/2019,78,60,69,T
9/4/2019,77,58,67.5,0.12
9/5/2019,73,53,63,0
9/6/2019,75,49,62,T
9/7/2019,70,59,64.5,0.07
9/8/2019,70,54,62,0
9/9/2019,70,51,60.5,0
9/10/2019,82,48,65,T
9/11/2019,83,66,74.5,0.16
9/12/2019,68,54,61,0.05
9/13/2019,74,47,60.5,0
9/14/2019,76,58,67,0.02
9/15/2019,75,54,64.5,0.11
9/16/2019,73,53,63,0
9/17/2019,74,47,60.5,0
9/18/2019,73,46,59.5,0
9/19/2019,74,44,59,0
9/20/2019,77,47,62,0
9/21/2019,83,52,67.5,0
9/22/2019,87,57,72,0
9/23/2019,78,61,69.5,0.94
9/24/2019,67,53,60,0.06
9/25/2019,78,49,63.5,T
9/26/2019,70,52,61,0.12
9/27/2019,73,48,60.5,0
9/28/2019,81,63,72,0.26
9/29/2019,67,53,60,0
9/30/2019,63,51,57,0.07
10/1/2019,88,63,75.5,0.01
10/2/2019,71,48,59.5,0.11
10/3/2019,59,48,53.5,0.17
10/4/2019,56,38,47,0.02
10/5/2019,61,33,47,0
10/6/2019,66,48,57,0.13
10/7/2019,63,54,58.5,1.13
10/8/2019,66,44,55,0
10/9/2019,63,41,52,0
10/10/2019,67,42,54.5,0
10/11/2019,71,37,54,0
10/12/2019,57,44,50.5,0.1
10/13/2019,66,38,52,0
10/14/2019,59,43,51,T
10/15/2019,61,37,49,0
10/16/2019,62,43,52.5,1.09
10/17/2019,50,46,48,0.61
10/18/2019,47,41,44,T
10/19/2019,57,36,46.5,0
10/20/2019,62,37,49.5,T
10/21/2019,67,39,53,0
10/22/2019,61,50,55.5,0.65
10/23/2019,62,43,52.5,0
10/24/2019,65,46,55.5,0
10/25/2019,50,43,46.5,0.1
10/26/2019,56,39,47.5,0.05
10/27/2019,66,47,56.5,0.75
10/28/2019,66,47,56.5,0
10/29/2019,68,46,57,0
10/30/2019,62,55,58.5,0.01
10/31/2019,70,53,61.5,1.95
11/1/2019,54,39,46.5,T
11/2/2019,51,39,45,T
11/3/2019,46,36,41,0
11/4/2019,53,32,42.5,0
11/5/2019,53,41,47,0.17
11/6/2019,44,35,39.5,0
11/7/2019,49,28,38.5,0.14
11/8/2019,31,23,27,0.06
11/9/2019,38,19,28.5,0
11/10/2019,47,34,40.5,0.03
11/11/2019,41,26,33.5,0.2
11/12/2019,27,20,23.5,0.26
11/13/2019,24,13,18.5,T
11/14/2019,36,21,28.5,T
11/15/2019,39,29,34,T
11/16/2019,32,17,24.5,0
11/17/2019,42,18,30,0
11/18/2019,44,31,37.5,T
11/19/2019,43,28,35.5,0
11/20/2019,43,29,36,0
11/21/2019,50,33,41.5,0.02
11/22/2019,53,34,43.5,0.04
11/23/2019,44,32,38,0
11/24/2019,45,34,39.5,0
11/25/2019,49,37,43,T
11/26/2019,60,32,46,0
11/27/2019,57,32,44.5,0.16
11/28/2019,41,28,34.5,0.15
11/29/2019,30,26,28,T
11/30/2019,31,19,25,T
12/1/2019,28,17,22.5,0.72
12/2/2019,34,25,29.5,0.46
12/3/2019,34,15,24.5,T
12/4/2019,37,32,34.5,0.03
12/5/2019,35,30,32.5,0.12
12/6/2019,32,23,27.5,0.18
12/7/2019,29,16,22.5,0.03
12/8/2019,41,9,25,0
12/9/2019,49,40,44.5,0.13
12/10/2019,52,27,39.5,0.03
12/11/2019,35,20,27.5,T
12/12/2019,33,19,26,T
12/13/2019,44,31,37.5,0.04
12/14/2019,45,33,39,0.83
12/15/2019,38,26,32,0.04
12/16/2019,32,23,27.5,T
12/17/2019,30,26,28,0.26
12/18/2019,30,13,21.5,0.06
12/19/2019,16,8,12,0.01
12/20/2019,22,5,13.5,T
12/21/2019,32,5,18.5,T
12/22/2019,47,14,30.5,0
12/23/2019,54,22,38,0
12/24/2019,40,23,31.5,0
12/25/2019,44,22,33,0
12/26/2019,45,30,37.5,0
12/27/2019,55,39,47,T
12/28/2019,42,27,34.5,T
12/29/2019,37,25,31,0.29
12/30/2019,41,35,38,0.75
12/31/2019,43,32,37.5,0.15
1/1/2020,35,28,31.5,T
1/2/2020,51,27,39,0
1/3/2020,50,42,46,T
1/4/2020,42,33,37.5,0.4
1/5/2020,33,30,31.5,0.06
1/6/2020,40,30,35,0.03
1/7/2020,36,27,31.5,0.01
1/8/2020,34,20,27,0.11
1/9/2020,31,9,20,0
1/10/2020,48,30,39,0.17
1/11/2020,67,42,54.5,0.13
1/12/2020,65,28,46.5,0.07
1/13/2020,39,28,33.5,T
1/14/2020,48,33,40.5,T
1/15/2020,44,34,39,0
1/16/2020,38,19,28.5,0.26
1/17/2020,19,5,12,T
1/18/2020,35,8,21.5,0.66
1/19/2020,37,17,27,0.08
1/20/2020,19,8,13.5,T
1/21/2020,27,4,15.5,T
1/22/2020,36,19,27.5,0
1/23/2020,37,13,25,0
1/24/2020,46,21,33.5,0
1/25/2020,39,34,36.5,0.75
1/26/2020,38,34,36,0.04
1/27/2020,36,33,34.5,0.06
1/28/2020,33,27,30,0.02
1/29/2020,28,13,20.5,T
1/30/2020,28,9,18.5,0
1/31/2020,37,19,28,T
2/1/2020,33,29,31,T
2/2/2020,37,28,32.5,0.03
2/3/2020,44,28,36,0.02
2/4/2020,37,32,34.5,0
2/5/2020,35,26,30.5,T
2/6/2020,33,24,28.5,0.47
2/7/2020,33,20,26.5,0.9
2/8/2020,20,1,10.5,0.01
2/9/2020,37,-3,17,0.04
2/10/2020,41,32,36.5,0.03
2/11/2020,36,32,34,0.02
2/12/2020,40,29,34.5,0.02
2/13/2020,37,16,26.5,0.22
2/14/2020,16,2,9,T
2/15/2020,31,-5,13,0
2/16/2020,39,29,34,0
2/17/2020,32,24,28,T
2/18/2020,44,25,34.5,0.16
2/19/2020,38,22,30,0.07
2/20/2020,24,18,21,0.07
2/21/2020,31,8,19.5,T
2/22/2020,39,10,24.5,0
2/23/2020,48,20,34,0
2/24/2020,53,37,45,0
2/25/2020,43,35,39,T
2/26/2020,41,34,37.5,0.01
2/27/2020,40,24,32,0.35
2/28/2020,30,23,26.5,T
2/29/2020,25,16,20.5,0.05
3/1/2020,37,10,23.5,0.01
3/2/2020,58,31,44.5,0.17
3/3/2020,52,39,45.5,0.22
3/4/2020,47,33,40,0.04
3/5/2020,45,33,39,T
3/6/2020,46,31,38.5,T
3/7/2020,36,22,29,0
3/8/2020,58,24,41,0
3/9/2020,71,48,59.5,0
3/10/2020,63,35,49,0.23
3/11/2020,39,28,33.5,0
3/12/2020,54,32,43,0
3/13/2020,56,38,47,0.06
3/14/2020,40,34,37,0
3/15/2020,39,24,31.5,0
3/16/2020,51,19,35,T
3/17/2020,45,32,38.5,0.02
3/18/2020,48,25,36.5,0.01
3/19/2020,51,40,45.5,0.1
3/20/2020,74,33,53.5,0.26
3/21/2020,35,22,28.5,T
3/22/2020,41,19,30,0
3/23/2020,38,31,34.5,0.88
3/24/2020,39,29,34,0.01
3/25/2020,47,29,38,0
3/26/2020,64,33,48.5,0.09
3/27/2020,51,32,41.5,0
3/28/2020,46,29,37.5,0.26
3/29/2020,63,42,52.5,0.5
3/30/2020,51,42,46.5,0.52
3/31/2020,54,40,47,0.04
4/1/2020,49,34,41.5,0
4/2/2020,52,29,40.5,0
4/3/2020,46,39,42.5,0.13
4/4/2020,58,43,50.5,T
4/5/2020,55,39,47,T
4/6/2020,57,33,45,T
4/7/2020,63,44,53.5,0.25
4/8/2020,54,43,48.5,T
4/9/2020,51,38,44.5,0.09
4/10/2020,41,33,37,0.38
4/11/2020,47,32,39.5,T
4/12/2020,63,31,47,0
4/13/2020,71,40,55.5,0.19
4/14/2020,49,33,41,0.03
4/15/2020,44,30,37,0.14
4/16/2020,39,29,34,0.06
4/17/2020,45,30,37.5,0.1
4/18/2020,49,33,41,0.05
4/19/2020,62,38,50,0.25
4/20/2020,50,30,40,0
4/21/2020,50,30,40,0.06
4/22/2020,42,28,35,0.06
4/23/2020,50,24,37,0.04
4/24/2020,53,41,47,0.02
4/25/2020,64,37,50.5,0
4/26/2020,52,41,46.5,0.42
4/27/2020,47,34,40.5,0.1
4/28/2020,61,30,45.5,0
4/29/2020,68,45,56.5,T
4/30/2020,67,52,59.5,1.22
5/1/2020,55,40,47.5,0.05
5/2/2020,68,36,52,0.05
5/3/2020,78,48,63,0.02
5/4/2020,50,42,46,0.02
5/5/2020,49,32,40.5,0
5/6/2020,55,32,43.5,0
5/7/2020,62,32,47,0.1
5/8/2020,47,32,39.5,T
5/9/2020,39,30,34.5,0.12
5/10/2020,53,35,44,0.03
5/11/2020,55,39,47,T
5/12/2020,51,32,41.5,0.03
5/13/2020,56,31,43.5,0
5/14/2020,68,32,50,0.03
5/15/2020,82,55,68.5,0.58
5/16/2020,66,47,56.5,T
5/17/2020,73,42,57.5,0.02
5/18/2020,64,56,60,0.37
5/19/2020,71,50,60.5,0
5/20/2020,75,43,59,0
5/21/2020,79,43,61,0
5/22/2020,81,50,65.5,0.01
5/23/2020,83,62,72.5,0.34
5/24/2020,83,57,70,0
5/25/2020,84,59,71.5,0.74
5/26/2020,93,64,78.5,0
5/27/2020,89,67,78,0
5/28/2020,83,69,76,T
5/29/2020,87,60,73.5,0.4
5/30/2020,71,53,62,0.21
5/31/2020,59,44,51.5,T
6/1/2020,67,46,56.5,0
6/2/2020,68,55,61.5,0.3
6/3/2020,76,58,67,T
6/4/2020,88,57,72.5,0
6/5/2020,88,70,79,T
6/6/2020,79,58,68.5,T
6/7/2020,70,52,61,0
6/8/2020,74,48,61,0
6/9/2020,87,53,70,0
6/10/2020,90,64,77,0
6/11/2020,82,62,72,T
6/12/2020,71,50,60.5,0
6/13/2020,62,45,53.5,0
6/14/2020,68,42,55,0
6/15/2020,75,48,61.5,0
6/16/2020,81,50,65.5,0
6/17/2020,86,51,68.5,0
6/18/2020,89,56,72.5,0.01
6/19/2020,87,63,75,T
6/20/2020,91,63,77,0.13
6/21/2020,90,66,78,0
6/22/2020,92,68,80,0.01
6/23/2020,91,70,80.5,0.02
6/24/2020,81,59,70,T
6/25/2020,83,56,69.5,T
6/26/2020,87,63,75,0
6/27/2020,82,60,71,0.58
6/28/2020,83,67,75,0.13
6/29/2020,85,63,74,T
6/30/2020,80,63,71.5,0.28
7/1/2020,84,60,72,0
7/2/2020,92,65,78.5,0
7/3/2020,87,70,78.5,0.02
7/4/2020,90,65,77.5,0
7/5/2020,91,59,75,0
7/6/2020,93,64,78.5,0
7/7/2020,92,69,80.5,0
7/8/2020,92,72,82,0.16
7/9/2020,98,69,83.5,0
7/10/2020,95,73,84,0.12
7/11/2020,89,70,79.5,2.36
7/12/2020,86,70,78,0.11
7/13/2020,81,67,74,T
7/14/2020,84,64,74,0.14
7/15/2020,88,63,75.5,0
7/16/2020,82,69,75.5,1.22
7/17/2020,84,67,75.5,T
7/18/2020,89,63,76,0
7/19/2020,95,67,81,T
7/20/2020,88,71,79.5,0
7/21/2020,83,66,74.5,0
7/22/2020,84,65,74.5,0.19
7/23/2020,86,68,77,0.06
7/24/2020,87,65,76,0
7/25/2020,89,63,76,0
7/26/2020,89,66,77.5,0
7/27/2020,93,74,83.5,0.26
7/28/2020,86,67,76.5,0.18
7/29/2020,79,64,71.5,0.4
7/30/2020,84,64,74,0
7/31/2020,85,59,72,0
8/1/2020,87,62,74.5,0.03
8/2/2020,91,69,80,0.24
8/3/2020,83,70,76.5,T
8/4/2020,74,69,71.5,1.23
8/5/2020,79,64,71.5,T
8/6/2020,79,57,68,0
8/7/2020,80,57,68.5,0
8/8/2020,86,65,75.5,T
8/9/2020,87,65,76,0
8/10/2020,91,72,81.5,T
8/11/2020,93,68,80.5,0.54
8/12/2020,84,65,74.5,0
8/13/2020,87,62,74.5,0
8/14/2020,87,64,75.5,0
8/15/2020,86,64,75,T
8/16/2020,83,65,74,T
8/17/2020,81,63,72,0.14
8/18/2020,78,64,71,T
8/19/2020,74,58,66,T
8/20/2020,80,54,67,0
8/21/2020,86,56,71,0
8/22/2020,87,65,76,0
8/23/2020,91,65,78,0
8/24/2020,92,65,78.5,0
8/25/2020,84,63,73.5,0.16
8/26/2020,72,54,63,0.02
8/27/2020,84,62,73,1.91
8/28/2020,78,64,71,T
8/29/2020,86,65,75.5,0.26
8/30/2020,72,58,65,0.08
8/31/2020,78,52,65,0
9/1/2020,76,69,72.5,0
9/2/2020,84,66,75,0.06
9/3/2020,81,61,71,0
9/4/2020,76,58,67,0.04
9/5/2020,76,52,64,T
9/6/2020,76,59,67.5,0
9/7/2020,84,60,72,T
9/8/2020,86,64,75,0
9/9/2020,88,60,74,0
9/10/2020,82,60,71,0.01
9/11/2020,66,48,57,0
9/12/2020,77,44,60.5,0
9/13/2020,71,63,67,0.38
9/14/2020,66,46,56,0
9/15/2020,66,41,53.5,0
9/16/2020,76,42,59,0
9/17/2020,65,51,58,T
9/18/2020,63,41,52,0
9/19/2020,60,34,47,0
9/20/2020,63,38,50.5,0
9/21/2020,67,34,50.5,0
9/22/2020,69,36,52.5,0
9/23/2020,77,52,64.5,0
9/24/2020,79,51,65,T
9/25/2020,82,56,69,0
9/26/2020,83,53,68,0
9/27/2020,83,66,74.5,0
9/28/2020,84,65,74.5,T
9/29/2020,75,56,65.5,0.53
9/30/2020,66,53,59.5,0.51
10/1/2020,67,46,56.5,0.02
10/2/2020,63,43,53,T
10/3/2020,59,45,52,0.01
10/4/2020,63,39,51,0.01
10/5/2020,61,45,53,0.01
10/6/2020,67,42,54.5,0
10/7/2020,65,50,57.5,0.37
10/8/2020,57,44,50.5,0
10/9/2020,66,41,53.5,0
10/10/2020,82,54,68,0.05
10/11/2020,61,41,51,0
10/12/2020,67,49,58,T
10/13/2020,60,43,51.5,0.33
10/14/2020,66,41,53.5,0
10/15/2020,79,49,64,0.36
10/16/2020,52,37,44.5,0.3
10/17/2020,59,31,45,0
10/18/2020,62,37,49.5,T
10/19/2020,60,55,57.5,0.47
10/20/2020,61,48,54.5,0.24
10/21/2020,73,49,61,0.02
10/22/2020,60,50,55,0.02
10/23/2020,81,49,65,0
10/24/2020,69,38,53.5,0.18
10/25/2020,50,32,41,T
10/26/2020,49,39,44,0.58
10/27/2020,47,43,45,0.07
10/28/2020,53,39,46,T
10/29/2020,47,39,43,0.33
10/30/2020,42,31,36.5,0.13
10/31/2020,45,33,39,T
11/1/2020,52,35,43.5,0.12
11/2/2020,44,31,37.5,0.15
11/3/2020,46,32,39,0.03
11/4/2020,69,31,50,0
11/5/2020,72,48,60,0
11/6/2020,71,47,59,0
11/7/2020,73,43,58,0
11/8/2020,73,38,55.5,0
11/9/2020,77,37,57,0
11/10/2020,78,41,59.5,0
11/11/2020,68,49,58.5,0.47
11/12/2020,49,31,40,T
11/13/2020,51,27,39,T
11/14/2020,45,29,37,T
11/15/2020,54,28,41,0.2
11/16/2020,47,39,43,0.01
11/17/2020,40,29,34.5,0.16
11/18/2020,30,22,26,0.01
11/19/2020,55,25,40,0
11/20/2020,67,52,59.5,0
11/21/2020,55,38,46.5,T
11/22/2020,50,34,42,0.02
11/23/2020,53,35,44,0.3
11/24/2020,38,28,33,0.1
11/25/2020,51,32,41.5,0.34
11/26/2020,62,45,53.5,0.21
11/27/2020,51,44,47.5,0.02
11/28/2020,46,29,37.5,0.01
11/29/2020,54,27,40.5,0
11/30/2020,49,37,43,0.28
12/1/2020,46,33,39.5,0.36
12/2/2020,37,31,34,0.05
12/3/2020,47,30,38.5,0
12/4/2020,47,39,43,0.08
12/5/2020,41,31,36,0.02
12/6/2020,32,29,30.5,T
12/7/2020,32,25,28.5,T
12/8/2020,31,24,27.5,T
12/9/2020,38,31,34.5,0.16
12/10/2020,42,30,36,0.02
12/11/2020,56,29,42.5,0
12/12/2020,56,32,44,T
12/13/2020,56,36,46,0.04
12/14/2020,38,31,34.5,0.05
12/15/2020,32,19,25.5,0.01
12/16/2020,24,15,19.5,0.19
12/17/2020,27,19,23,0.32
12/18/2020,28,11,19.5,0
12/19/2020,31,5,18,0
12/20/2020,37,27,32,0.06
12/21/2020,42,36,39,T
12/22/2020,39,32,35.5,0.01
12/23/2020,42,29,35.5,0
12/24/2020,53,42,47.5,0.77
12/25/2020,53,29,41,0.45
12/26/2020,29,23,26,T
12/27/2020,36,29,32.5,T
12/28/2020,44,34,39,0.01
12/29/2020,34,22,28,0.1
12/30/2020,45,22,33.5,0.02
12/31/2020,44,34,39,0.1
1/1/2021,36,31,33.5,0.41
1/2/2021,37,31,34,0.4
1/3/2021,35,27,31,0.15
1/4/2021,35,32,33.5,0.03
1/5/2021,35,30,32.5,0.01
1/6/2021,34,29,31.5,T
1/7/2021,31,26,28.5,T
1/8/2021,26,15,20.5,0
1/9/2021,35,14,24.5,0
1/10/2021,32,20,26,0
1/11/2021,38,27,32.5,0.01
1/12/2021,35,31,33,0.01
1/13/2021,37,29,33,0
1/14/2021,42,30,36,0
1/15/2021,41,27,34,0.13
1/16/2021,37,33,35,0.37
1/17/2021,38,33,35.5,0.06
1/18/2021,34,29,31.5,0.07
1/19/2021,35,28,31.5,0.08
1/20/2021,29,20,24.5,0.16
1/21/2021,39,20,29.5,T
1/22/2021,37,24,30.5,0.2
1/23/2021,24,13,18.5,0.05
1/24/2021,22,4,13,T
1/25/2021,32,6,19,0
1/26/2021,28,20,24,0.3
1/27/2021,31,24,27.5,0.04
1/28/2021,24,13,18.5,0.05
1/29/2021,16,5,10.5,0.01
1/30/2021,23,12,17.5,T
1/31/2021,22,5,13.5,0
2/1/2021,30,16,23,0.03
2/2/2021,29,20,24.5,0.56
2/3/2021,34,26,30,0.04
2/4/2021,37,19,28,0
2/5/2021,44,22,33,0.03
2/6/2021,30,12,21,T
2/7/2021,27,8,17.5,T
2/8/2021,23,9,16,T
2/9/2021,28,18,23,0.06
2/10/2021,26,17,21.5,T
2/11/2021,26,4,15,0.02
2/12/2021,18,-1,8.5,0
2/13/2021,23,2,12.5,0
2/14/2021,25,20,22.5,T
2/15/2021,28,21,24.5,0.21
2/16/2021,35,19,27,0.44
2/17/2021,25,7,16,0.01
2/18/2021,27,16,21.5,0.01
2/19/2021,31,22,26.5,0.1
2/20/2021,29,20,24.5,0.04
2/21/2021,34,9,21.5,T
2/22/2021,37,26,31.5,0.18
2/23/2021,39,28,33.5,0.12
2/24/2021,52,29,40.5,T
2/25/2021,38,25,31.5,0.03
2/26/2021,41,27,34,0
2/27/2021,47,29,38,0.05
2/28/2021,44,27,35.5,0.01
3/1/2021,46,16,31,0.1
3/2/2021,25,10,17.5,T
3/3/2021,43,22,32.5,0
3/4/2021,37,21,29,0.01
3/5/2021,32,16,24,T
3/6/2021,24,17,20.5,0.06
3/7/2021,29,9,19,0
3/8/2021,37,8,22.5,0
3/9/2021,50,28,39,0
3/10/2021,65,24,44.5,0
3/11/2021,73,48,60.5,0.01
3/12/2021,58,30,44,0.01
3/13/2021,40,24,32,0
3/14/2021,39,22,30.5,0.01
3/15/2021,28,16,22,0
3/16/2021,43,17,30,0
3/17/2021,52,33,42.5,0
3/18/2021,43,32,37.5,0.24
3/19/2021,36,22,29,0
3/20/2021,57,20,38.5,0
3/21/2021,65,25,45,0
3/22/2021,70,29,49.5,0
3/23/2021,70,33,51.5,0
3/24/2021,60,47,53.5,0.3
3/25/2021,76,44,60,T
3/26/2021,71,41,56,0.19
3/27/2021,52,38,45,0
3/28/2021,62,40,51,0.28
3/29/2021,44,31,37.5,0.05
3/30/2021,71,30,50.5,0
3/31/2021,60,41,50.5,0.1
4/1/2021,41,24,32.5,0.14
4/2/2021,38,24,31,0
4/3/2021,50,25,37.5,0
4/4/2021,59,36,47.5,0
4/5/2021,57,33,45,0
4/6/2021,63,30,46.5,0
4/7/2021,73,45,59,T
4/8/2021,80,45,62.5,0
4/9/2021,71,51,61,0.01
4/10/2021,81,45,63,0
4/11/2021,72,54,63,0.1
4/12/2021,54,47,50.5,0.35
4/13/2021,67,39,53,0
4/14/2021,71,41,56,T
4/15/2021,53,41,47,0.28
4/16/2021,47,40,43.5,0.27
4/17/2021,56,38,47,T
4/18/2021,64,44,54,0.02
4/19/2021,63,40,51.5,T
4/20/2021,54,37,45.5,0.09
4/21/2021,38,32,35,0.18
4/22/2021,44,29,36.5,0.14
4/23/2021,63,33,48,0
4/24/2021,68,45,56.5,0
4/25/2021,59,39,49,0.01
4/26/2021,50,35,42.5,0
4/27/2021,68,37,52.5,T
4/28/2021,73,52,62.5,0.24
4/29/2021,57,48,52.5,0.56
4/30/2021,51,35,43,0.13
5/1/2021,58,35,46.5,0.01
5/2/2021,67,49,58,0.29
5/3/2021,71,48,59.5,0.1
5/4/2021,69,54,61.5,0.26
5/5/2021,59,46,52.5,0.2
5/6/2021,58,40,49,T
5/7/2021,57,34,45.5,0.2
5/8/2021,54,40,47,0.37
5/9/2021,58,41,49.5,0.22
5/10/2021,59,44,51.5,0.07
5/11/2021,57,39,48,T
5/12/2021,64,42,53,0.02
5/13/2021,69,39,54,0
5/14/2021,72,44,58,0
5/15/2021,75,43,59,0
5/16/2021,78,45,61.5,0
5/17/2021,78,50,64,0
5/18/2021,80,49,64.5,0
5/19/2021,87,52,69.5,0
5/20/2021,92,57,74.5,0
5/21/2021,93,60,76.5,0
5/22/2021,85,63,74,0
5/23/2021,77,52,64.5,T
5/24/2021,78,46,62,0
5/25/2021,87,60,73.5,T
5/26/2021,90,67,78.5,0.25
5/27/2021,67,49,58,0
5/28/2021,50,45,47.5,0.53
5/29/2021,62,44,53,0.01
5/30/2021,59,46,52.5,0.02
5/31/2021,72,51,61.5,T
6/1/2021,78,53,65.5,0
6/2/2021,77,49,63,0
6/3/2021,79,64,71.5,0.18
6/4/2021,84,63,73.5,T
6/5/2021,93,68,80.5,0
6/6/2021,93,69,81,0
6/7/2021,94,66,80,0.01
6/8/2021,83,72,77.5,0.69
6/9/2021,87,63,75,T
6/10/2021,82,56,69,0
6/11/2021,81,56,68.5,T
6/12/2021,82,62,72,0.02
6/13/2021,87,58,72.5,0.27
6/14/2021,80,60,70,0.59
6/15/2021,71,58,64.5,0.09
6/16/2021,69,52,60.5,0
6/17/2021,76,51,63.5,0
6/18/2021,82,51,66.5,0.03
6/19/2021,88,65,76.5,0.48
6/20/2021,86,60,73,0
6/21/2021,92,66,79,0.63
6/22/2021,66,52,59,T
6/23/2021,73,49,61,0
6/24/2021,83,50,66.5,0
6/25/2021,85,60,72.5,0
6/26/2021,90,73,81.5,T
6/27/2021,94,78,86,0
6/28/2021,96,76,86,1.24
6/29/2021,94,71,82.5,0.3
6/30/2021,87,70,78.5,1.9
7/1/2021,79,67,73,0
7/2/2021,77,61,69,1.01
7/3/2021,74,61,67.5,0.09
7/4/2021,79,58,68.5,0
7/5/2021,90,55,72.5,0.05
7/6/2021,88,71,79.5,0.47
7/7/2021,85,65,75,0.41
7/8/2021,82,65,73.5,0.47
7/9/2021,84,67,75.5,0.15
7/10/2021,80,63,71.5,0
7/11/2021,75,61,68,0.21
7/12/2021,76,64,70,0.53
7/13/2021,88,69,78.5,0.35
7/14/2021,84,69,76.5,0.25
7/15/2021,90,66,78,0
7/16/2021,87,71,79,T
7/17/2021,76,67,71.5,0.9
7/18/2021,84,66,75,1.06
7/19/2021,84,66,75,0
7/20/2021,87,66,76.5,0.41
7/21/2021,76,62,69,T
7/22/2021,78,59,68.5,0
7/23/2021,81,61,71,0.01
7/24/2021,84,57,70.5,T
7/25/2021,85,71,78,0.11
7/26/2021,87,67,77,0
7/27/2021,86,64,75,0.29
7/28/2021,79,59,69,0
7/29/2021,72,56,64,0.16
7/30/2021,71,59,65,T
7/31/2021,74,52,63,T
8/1/2021,74,57,65.5,0.63
8/2/2021,76,57,66.5,0
8/3/2021,81,52,66.5,0
8/4/2021,81,57,69,0
8/5/2021,85,57,71,0
8/6/2021,87,59,73,0.08
8/7/2021,88,67,77.5,T
8/8/2021,85,68,76.5,0.01
8/9/2021,90,71,80.5,T
8/10/2021,89,73,81,0.24
8/11/2021,92,76,84,0.01
8/12/2021,87,74,80.5,T
8/13/2021,91,71,81,0.03
8/14/2021,80,62,71,0.27
8/15/2021,77,56,66.5,0
8/16/2021,81,53,67,0.03
8/17/2021,85,69,77,0.94
8/18/2021,77,72,74.5,1.24
8/19/2021,82,71,76.5,2.72
8/20/2021,86,67,76.5,T
8/21/2021,86,73,79.5,0.04
8/22/2021,89,69,79,0.15
8/23/2021,86,73,79.5,0
8/24/2021,87,70,78.5,0
8/25/2021,92,66,79,0
8/26/2021,91,74,82.5,T
8/27/2021,87,68,77.5,0
8/28/2021,81,67,74,T
8/29/2021,85,69,77,0.18
8/30/2021,86,69,77.5,T
8/31/2021,82,66,74,0
9/1/2021,70,55,62.5,0
9/2/2021,69,52,60.5,T
9/3/2021,73,58,65.5,T
9/4/2021,79,56,67.5,0
9/5/2021,79,61,70,0.1
9/6/2021,76,60,68,T
9/7/2021,79,59,69,0
9/8/2021,78,61,69.5,0.14
9/9/2021,76,59,67.5,T
9/10/2021,73,55,64,0.01
9/11/2021,80,52,66,0
9/12/2021,79,65,72,0.39
9/13/2021,76,59,67.5,0.3
9/14/2021,85,56,70.5,0
9/15/2021,79,61,70,0.87
9/16/2021,77,56,66.5,0
9/17/2021,83,60,71.5,0
9/18/2021,80,56,68,0.05
9/19/2021,75,50,62.5,0
9/20/2021,80,49,64.5,0
9/21/2021,78,62,70,0
9/22/2021,77,66,71.5,0.24
9/23/2021,76,58,67,0.49
9/24/2021,70,51,60.5,0
9/25/2021,78,49,63.5,T
9/26/2021,72,54,63,T
9/27/2021,78,58,68,0.09
9/28/2021,69,50,59.5,T
9/29/2021,69,47,58,0
9/30/2021,63,48,55.5,T
10/1/2021,65,48,56.5,T
10/2/2021,78,48,63,0
10/3/2021,65,58,61.5,0.57
10/4/2021,64,58,61,0.19
10/5/2021,65,58,61.5,0.01
10/6/2021,73,57,65,0
10/7/2021,79,57,68,0
10/8/2021,79,58,68.5,0
10/9/2021,72,59,65.5,0
10/10/2021,74,57,65.5,0
10/11/2021,79,56,67.5,0
10/12/2021,79,56,67.5,0
10/13/2021,77,59,68,0.04
10/14/2021,77,60,68.5,T
10/15/2021,78,62,70,0.24
10/16/2021,73,53,63,1.11
10/17/2021,57,48,52.5,0.91
10/18/2021,51,43,47,0.69
10/19/2021,67,44,55.5,0
10/20/2021,75,57,66,T
10/21/2021,74,55,64.5,0.35
10/22/2021,61,38,49.5,0.01
10/23/2021,55,38,46.5,0.01
10/24/2021,59,36,47.5,0.07
10/25/2021,64,49,56.5,0.32
10/26/2021,56,50,53,2.33
10/27/2021,59,40,49.5,0.02
10/28/2021,59,37,48,0
10/29/2021,58,43,50.5,0.52
10/30/2021,57,45,51,0.08
10/31/2021,56,48,52,0.01
11/1/2021,55,44,49.5,T
11/2/2021,50,39,44.5,T
11/3/2021,47,32,39.5,0.1
11/4/2021,48,31,39.5,0.01
11/5/2021,51,31,41,0
11/6/2021,55,28,41.5,0
11/7/2021,61,28,44.5,0
11/8/2021,64,34,49,0
11/9/2021,63,39,51,0.03
11/10/2021,56,37,46.5,0.18
11/11/2021,60,32,46,T
11/12/2021,63,42,52.5,1.4
11/13/2021,48,39,43.5,0.13
11/14/2021,46,38,42,0.11
11/15/2021,44,36,40,0.23
11/16/2021,41,34,37.5,0.12
11/17/2021,57,32,44.5,0
11/18/2021,61,41,51,0.27
11/19/2021,42,32,37,0.09
11/20/2021,45,29,37,0
11/21/2021,51,38,44.5,0.03
11/22/2021,47,31,39,0.05
11/23/2021,33,25,29,0.05
11/24/2021,46,21,33.5,0
11/25/2021,50,30,40,0.06
11/26/2021,47,31,39,0.35
11/27/2021,34,29,31.5,0.01
11/28/2021,34,31,32.5,0.07
11/29/2021,35,26,30.5,T
11/30/2021,39,30,34.5,T
12/1/2021,43,36,39.5,0.01
12/2/2021,53,39,46,0.2
12/3/2021,39,31,35,0.02
12/4/2021,47,33,40,0.01
12/5/2021,49,32,40.5,T
12/6/2021,57,36,46.5,0.29
12/7/2021,37,29,33,0.04
12/8/2021,35,28,31.5,0.17
12/9/2021,34,27,30.5,0.06
12/10/2021,46,33,39.5,0
12/11/2021,64,36,50,0.29
12/12/2021,47,34,40.5,0.02
12/13/2021,54,37,45.5,0
12/14/2021,48,30,39,0
12/15/2021,51,28,39.5,0.56
12/16/2021,67,51,59,0.03
12/17/2021,56,34,45,0
12/18/2021,37,32,34.5,0.34
12/19/2021,32,24,28,0.03
12/20/2021,39,20,29.5,0
12/21/2021,40,30,35,0
12/22/2021,39,28,33.5,0.03
12/23/2021,32,22,27,0.03
12/24/2021,34,22,28,0.12
12/25/2021,39,31,35,0.92
12/26/2021,40,30,35,0.14
12/27/2021,36,26,31,0.02
12/28/2021,44,34,39,0.14
12/29/2021,42,34,38,0.02
12/30/2021,44,38,41,0.01
12/31/2021,52,34,43,0.05
1/1/2022,49,34,41.5,0.26
1/2/2022,37,19,28,0.12
1/3/2022,20,11,15.5,T
1/4/2022,34,11,22.5,0
1/5/2022,43,26,34.5,0
1/6/2022,35,27,31,0.01
1/7/2022,27,14,20.5,0.17
1/8/2022,31,-3,14,T
1/9/2022,41,28,34.5,0.18
1/10/2022,28,13,20.5,0.07
1/11/2022,16,-1,7.5,0.01
1/12/2022,36,15,25.5,0.01
1/13/2022,42,33,37.5,0.02
1/14/2022,36,0,18,T
1/15/2022,6,-6,0,0
1/16/2022,31,-3,14,0.12
1/17/2022,35,21,28,0.69
1/18/2022,26,10,18,T
1/19/2022,44,13,28.5,T
1/20/2022,34,11,22.5,T
1/21/2022,16,0,8,T
1/22/2022,27,-9,9,T
1/23/2022,29,18,23.5,0.04
1/24/2022,22,6,14,0.07
1/25/2022,28,17,22.5,0.09
1/26/2022,18,-6,6,T
1/27/2022,30,-7,11.5,T
1/28/2022,29,3,16,0.04
1/29/2022,11,1,6,0
1/30/2022,22,-9,6.5,0
1/31/2022,35,6,20.5,0
2/1/2022,39,8,23.5,0
2/2/2022,44,31,37.5,0.02
2/3/2022,41,19,30,0.57
2/4/2022,20,14,17,0.33
2/5/2022,18,-2,8,0.02
2/6/2022,32,-5,13.5,0
2/7/2022,42,13,27.5,0
2/8/2022,35,19,27,T
2/9/2022,50,15,32.5,0
2/10/2022,45,34,39.5,0.03
2/11/2022,52,30,41,0.13
2/12/2022,45,21,33,0.03
2/13/2022,21,8,14.5,T
2/14/2022,17,4,10.5,0.01
2/15/2022,27,9,18,0.03
2/16/2022,50,14,32,T
2/17/2022,56,41,48.5,0.33
2/18/2022,46,15,30.5,0.48
2/19/2022,32,15,23.5,0.01
2/20/2022,43,11,27,0.01
2/21/2022,58,34,46,0
2/22/2022,60,35,47.5,0.34
2/23/2022,59,20,39.5,0.06
2/24/2022,29,13,21,T
2/25/2022,27,15,21,0.49
2/26/2022,29,15,22,0.02
2/27/2022,34,24,29,0.01
2/28/2022,24,9,16.5,T
3/1/2022,45,19,32,0.1
3/2/2022,39,29,34,0.12
3/3/2022,33,15,24,0.08
3/4/2022,31,11,21,T
3/5/2022,46,17,31.5,0
3/6/2022,75,41,58,T
3/7/2022,43,35,39,0.4
3/8/2022,37,25,31,T
3/9/2022,36,21,28.5,0.24
3/10/2022,42,19,30.5,0
3/11/2022,50,27,38.5,0.03
3/12/2022,33,17,25,0.28
3/13/2022,30,17,23.5,0.02
3/14/2022,50,28,39,0
3/15/2022,46,32,39,0.04
3/16/2022,54,35,44.5,T
3/17/2022,68,33,50.5,0
3/18/2022,69,36,52.5,0
3/19/2022,71,48,59.5,0.71
3/20/2022,49,36,42.5,0.07
3/21/2022,52,32,42,0
3/22/2022,45,25,35,0
3/23/2022,45,26,35.5,0.01
3/24/2022,60,39,49.5,0.04
3/25/2022,52,35,43.5,0.12
3/26/2022,50,34,42,0.01
3/27/2022,34,18,26,0.07
3/28/2022,22,15,18.5,0.14
3/29/2022,30,19,24.5,T
3/30/2022,43,20,31.5,0.01
3/31/2022,72,40,56,0.03
4/1/2022,44,33,38.5,0.07
4/2/2022,46,29,37.5,T
4/3/2022,38,28,33,0.29
4/4/2022,46,33,39.5,0.01
4/5/2022,63,32,47.5,0
4/6/2022,63,43,53,0.11
4/7/2022,50,43,46.5,1.32
4/8/2022,55,41,48,0.04
4/9/2022,52,38,45,0.01
4/10/2022,42,33,37.5,0.04
4/11/2022,65,28,46.5,0.04
4/12/2022,62,43,52.5,0.23
4/13/2022,78,38,58,T
4/14/2022,78,42,60,0.07
4/15/2022,63,42,52.5,T
4/16/2022,49,34,41.5,0.27
4/17/2022,46,29,37.5,T
4/18/2022,56,27,41.5,0.41
4/19/2022,40,32,36,0.64
4/20/2022,50,35,42.5,0.01
4/21/2022,56,34,45,0.01
4/22/2022,55,38,46.5,0
4/23/2022,55,31,43,T
4/24/2022,77,44,60.5,0
4/25/2022,80,52,66,0
4/26/2022,61,44,52.5,0.03
4/27/2022,44,36,40,0.04
4/28/2022,48,32,40,0
4/29/2022,53,29,41,0
4/30/2022,58,29,43.5,0
5/1/2022,71,31,51,T
5/2/2022,62,50,56,0.19
5/3/2022,67,49,58,T
5/4/2022,63,48,55.5,0.58
5/5/2022,63,38,50.5,0
5/6/2022,62,44,53,0
5/7/2022,62,41,51.5,0
5/8/2022,66,34,50,0
5/9/2022,74,36,55,0
5/10/2022,76,42,59,0
5/11/2022,81,44,62.5,0
5/12/2022,85,46,65.5,0
5/13/2022,84,57,70.5,0
5/14/2022,83,64,73.5,0.01
5/15/2022,82,62,72,0
5/16/2022,74,51,62.5,0.15
5/17/2022,63,50,56.5,0.08
5/18/2022,63,44,53.5,0.03
5/19/2022,61,47,54,0.16
5/20/2022,83,47,65,0.01
5/21/2022,91,67,79,0.01
5/22/2022,81,50,65.5,0.24
5/23/2022,64,47,55.5,0
5/24/2022,72,43,57.5,0
5/25/2022,74,50,62,0
5/26/2022,82,61,71.5,T
5/27/2022,74,61,67.5,0.37
5/28/2022,70,53,61.5,0.01
5/29/2022,78,53,65.5,0
5/30/2022,86,54,70,T
5/31/2022,89,62,75.5,0
6/1/2022,70,64,67,1.06
6/2/2022,72,58,65,0
6/3/2022,74,53,63.5,T
6/4/2022,67,49,58,0
6/5/2022,75,44,59.5,0
6/6/2022,80,56,68,T
6/7/2022,72,59,65.5,0.39
6/8/2022,74,55,64.5,T
6/9/2022,64,56,60,0.4
6/10/2022,72,54,63,0
6/11/2022,77,51,64,0
6/12/2022,76,59,67.5,0.13
6/13/2022,74,56,65,0
6/14/2022,79,53,66,0
6/15/2022,85,56,70.5,0
6/16/2022,85,67,76,1.78
6/17/2022,79,60,69.5,T
6/18/2022,65,49,57,0.04
6/19/2022,66,46,56,0
6/20/2022,74,50,62,0
6/21/2022,81,52,66.5,T
6/22/2022,85,59,72,T
6/23/2022,76,62,69,T
6/24/2022,82,59,70.5,0
6/25/2022,87,55,71,0
6/26/2022,91,63,77,0.13
6/27/2022,74,58,66,0.17
6/28/2022,73,55,64,0
6/29/2022,77,53,65,T
6/30/2022,84,56,70,0
7/1/2022,89,70,79.5,0.03
7/2/2022,82,64,73,0.21
7/3/2022,76,57,66.5,0
7/4/2022,81,54,67.5,0
7/5/2022,73,63,68,0.31
7/6/2022,81,59,70,0.03
7/7/2022,85,58,71.5,0
7/8/2022,84,61,72.5,0
7/9/2022,78,57,67.5,0
7/10/2022,82,53,67.5,0
7/11/2022,93,54,73.5,0
7/12/2022,91,69,80,0.12
7/13/2022,84,64,74,0.06
7/14/2022,80,61,70.5,0
7/15/2022,85,55,70,0
7/16/2022,89,61,75,0
7/17/2022,89,63,76,0
7/18/2022,84,71,77.5,0.64
7/19/2022,91,70,80.5,0
7/20/2022,95,74,84.5,0
7/21/2022,90,75,82.5,T
7/22/2022,91,69,80,0
7/23/2022,95,68,81.5,0
7/24/2022,89,68,78.5,0.66
7/25/2022,80,63,71.5,0.73
7/26/2022,80,60,70,0
7/27/2022,84,58,71,0
7/28/2022,87,71,79,0.12
7/29/2022,84,66,75,0
7/30/2022,79,63,71,0
7/31/2022,83,60,71.5,0
8/1/2022,89,61,75,0
8/2/2022,82,67,74.5,0
8/3/2022,90,62,76,0
8/4/2022,89,72,80.5,0.01
8/5/2022,89,72,80.5,0.29
8/6/2022,93,70,81.5,0
8/7/2022,93,76,84.5,0
8/8/2022,94,75,84.5,0.46
8/9/2022,79,66,72.5,0.05
8/10/2022,78,64,71,T
8/11/2022,81,60,70.5,T
8/12/2022,76,54,65,0
8/13/2022,79,51,65,0
8/14/2022,82,52,67,0
8/15/2022,85,58,71.5,T
8/16/2022,83,61,72,0
8/17/2022,82,63,72.5,0.23
8/18/2022,86,61,73.5,0
8/19/2022,87,62,74.5,0
8/20/2022,90,61,75.5,0.12
8/21/2022,84,66,75,1.38
8/22/2022,80,67,73.5,0.33
8/23/2022,76,65,70.5,0.17
8/24/2022,85,66,75.5,0
8/25/2022,84,63,73.5,T
8/26/2022,83,65,74,0.11
8/27/2022,79,61,70,0
8/28/2022,86,57,71.5,0
8/29/2022,94,74,84,0.07
8/30/2022,84,67,75.5,0.9
8/31/2022,81,63,72,0.39
9/1/2022,70,53,61.5,0
9/2/2022,82,50,66,0
9/3/2022,83,59,71,0
9/4/2022,80,64,72,0.06
9/5/2022,70,64,67,0.28
9/6/2022,72,65,68.5,0.03
9/7/2022,74,63,68.5,0.3
9/8/2022,81,63,72,0.01
9/9/2022,83,59,71,0
9/10/2022,84,58,71,0
9/11/2022,73,65,69,0.02
9/12/2022,80,65,72.5,T
9/13/2022,71,60,65.5,0.12
9/14/2022,78,58,68,T
9/15/2022,65,47,56,0
9/16/2022,62,44,53,0
9/17/2022,77,57,67,T
9/18/2022,86,67,76.5,0.12
9/19/2022,75,62,68.5,0.89
9/20/2022,72,58,65,T
9/21/2022,83,56,69.5,0
9/22/2022,75,48,61.5,0.54
9/23/2022,55,43,49,0.02
9/24/2022,65,42,53.5,0
9/25/2022,63,53,58,0.24
9/26/2022,66,56,61,0.07
9/27/2022,64,54,59,0.71
9/28/2022,61,52,56.5,0.62
9/29/2022,60,43,51.5,T
9/30/2022,62,39,50.5,0
10/1/2022,70,46,58,0
10/2/2022,64,43,53.5,0
10/3/2022,59,38,48.5,0
10/4/2022,60,42,51,0
10/5/2022,71,41,56,0
10/6/2022,76,45,60.5,T
10/7/2022,60,45,52.5,0.06
10/8/2022,53,41,47,0.04
10/9/2022,62,46,54,0
10/10/2022,59,41,50,0.03
10/11/2022,73,35,54,0
10/12/2022,69,49,59,T
10/13/2022,66,52,59,0.71
10/14/2022,66,42,54,0.02
10/15/2022,72,40,56,T
10/16/2022,64,39,51.5,0
10/17/2022,54,43,48.5,0.1
10/18/2022,51,35,43,0.04
10/19/2022,49,33,41,0.02
10/20/2022,49,40,44.5,0.02
10/21/2022,63,34,48.5,0
10/22/2022,74,43,58.5,0
10/23/2022,72,37,54.5,T
10/24/2022,69,51,60,0.01
10/25/2022,74,56,65,0
10/26/2022,78,54,66,0.05
10/27/2022,54,35,44.5,T
10/28/2022,56,29,42.5,0
10/29/2022,65,30,47.5,0
10/30/2022,68,30,49,0
10/31/2022,64,39,51.5,T
11/1/2022,67,49,58,T
11/2/2022,65,45,55,0
11/3/2022,M,M,M,M
